[27-Jun-2025 19:12:08 UTC] PHP Warning:  Undefined array key "mail" in /usr/share/mcConsolette/code/modules/users/user.php on line 9
[27-Jun-2025 19:12:08 UTC] PHP Warning:  foreach() argument must be of type array|object, null given in /usr/share/mcConsolette/code/modules/users/user.php on line 9
[27-Jun-2025 19:13:39 UTC] PHP Warning:  Undefined array key "mail" in /usr/share/mcConsolette/code/modules/users/user.php on line 9
[27-Jun-2025 19:13:39 UTC] PHP Warning:  foreach() argument must be of type array|object, null given in /usr/share/mcConsolette/code/modules/users/user.php on line 9
[27-Jun-2025 19:14:33 UTC] PHP Warning:  Undefined array key "mail" in /usr/share/mcConsolette/code/modules/users/user.php on line 9
[27-Jun-2025 19:14:33 UTC] PHP Warning:  foreach() argument must be of type array|object, null given in /usr/share/mcConsolette/code/modules/users/user.php on line 9
[27-Jun-2025 19:16:53 UTC] PHP Warning:  Undefined array key "mail" in /usr/share/mcConsolette/code/modules/users/user.php on line 9
[27-Jun-2025 19:16:53 UTC] PHP Warning:  foreach() argument must be of type array|object, null given in /usr/share/mcConsolette/code/modules/users/user.php on line 9
[27-Jun-2025 19:21:02 UTC] PHP Warning:  Undefined array key "mail" in /usr/share/mcConsolette/code/modules/users/user.php on line 9
[27-Jun-2025 19:21:02 UTC] PHP Warning:  foreach() argument must be of type array|object, null given in /usr/share/mcConsolette/code/modules/users/user.php on line 9
[27-Jun-2025 19:21:10 UTC] PHP Warning:  Undefined array key "mail" in /usr/share/mcConsolette/code/modules/users/user.php on line 9
[27-Jun-2025 19:21:10 UTC] PHP Warning:  foreach() argument must be of type array|object, null given in /usr/share/mcConsolette/code/modules/users/user.php on line 9
[27-Jun-2025 19:21:31 UTC] PHP Warning:  ldap_get_values(): Cannot get the value(s) of attribute Decoding error in /usr/share/mcConsolette/code/lib/ldap_basic.php on line 86
[27-Jun-2025 19:21:31 UTC] PHP Warning:  Trying to access array offset on value of type bool in /usr/share/mcConsolette/code/lib/ldap_basic.php on line 93
[27-Jun-2025 19:21:31 UTC] PHP Warning:  ldap_get_values(): Cannot get the value(s) of attribute Decoding error in /usr/share/mcConsolette/code/lib/ldap_basic.php on line 101
[27-Jun-2025 19:21:31 UTC] PHP Warning:  Trying to access array offset on value of type bool in /usr/share/mcConsolette/code/lib/ldap_basic.php on line 102
[27-Jun-2025 19:21:31 UTC] PHP Warning:  ldap_get_values(): Cannot get the value(s) of attribute Decoding error in /usr/share/mcConsolette/code/lib/ldap_basic.php on line 101
[27-Jun-2025 19:21:31 UTC] PHP Warning:  Trying to access array offset on value of type bool in /usr/share/mcConsolette/code/lib/ldap_basic.php on line 102
[27-Jun-2025 19:21:31 UTC] PHP Warning:  ldap_get_values(): Cannot get the value(s) of attribute Decoding error in /usr/share/mcConsolette/code/lib/ldap_basic.php on line 101
[27-Jun-2025 19:21:31 UTC] PHP Warning:  Trying to access array offset on value of type bool in /usr/share/mcConsolette/code/lib/ldap_basic.php on line 102
[27-Jun-2025 19:21:31 UTC] PHP Warning:  ldap_get_values(): Cannot get the value(s) of attribute Decoding error in /usr/share/mcConsolette/code/lib/ldap_basic.php on line 101
[27-Jun-2025 19:21:31 UTC] PHP Warning:  Trying to access array offset on value of type bool in /usr/share/mcConsolette/code/lib/ldap_basic.php on line 102
[27-Jun-2025 19:21:31 UTC] PHP Warning:  ldap_get_values(): Cannot get the value(s) of attribute Decoding error in /usr/share/mcConsolette/code/lib/ldap_basic.php on line 101
[27-Jun-2025 19:21:31 UTC] PHP Warning:  Trying to access array offset on value of type bool in /usr/share/mcConsolette/code/lib/ldap_basic.php on line 102
[27-Jun-2025 19:21:35 UTC] PHP Warning:  Undefined variable $result in /usr/share/mcConsolette/code/modules/domains/domains.php on line 107
[27-Jun-2025 19:21:36 UTC] PHP Warning:  ldap_get_values(): Cannot get the value(s) of attribute Decoding error in /usr/share/mcConsolette/code/lib/ldap_basic.php on line 101
[27-Jun-2025 19:21:36 UTC] PHP Warning:  Trying to access array offset on value of type bool in /usr/share/mcConsolette/code/lib/ldap_basic.php on line 102
[27-Jun-2025 19:21:36 UTC] PHP Warning:  ldap_get_values(): Cannot get the value(s) of attribute Decoding error in /usr/share/mcConsolette/code/lib/ldap_basic.php on line 101
[27-Jun-2025 19:21:36 UTC] PHP Warning:  Trying to access array offset on value of type bool in /usr/share/mcConsolette/code/lib/ldap_basic.php on line 102
[27-Jun-2025 19:21:36 UTC] PHP Warning:  ldap_get_values(): Cannot get the value(s) of attribute Decoding error in /usr/share/mcConsolette/code/lib/ldap_basic.php on line 101
[27-Jun-2025 19:21:36 UTC] PHP Warning:  Trying to access array offset on value of type bool in /usr/share/mcConsolette/code/lib/ldap_basic.php on line 102
[27-Jun-2025 19:21:41 UTC] PHP Warning:  Undefined variable $attrs in /usr/share/mcConsolette/code/lib/utilities.php on line 21
[27-Jun-2025 19:21:41 UTC] PHP Warning:  Undefined array key 1 in /usr/share/mcConsolette/templates_c/43101db05f2090267ec7a2bc8fe2ef327ed4a476_0.file.detail.tpl.php on line 68
[27-Jun-2025 19:21:44 UTC] PHP Warning:  ldap_get_values(): Cannot get the value(s) of attribute Decoding error in /usr/share/mcConsolette/code/lib/ldap_basic.php on line 101
[27-Jun-2025 19:21:44 UTC] PHP Warning:  Trying to access array offset on value of type bool in /usr/share/mcConsolette/code/lib/ldap_basic.php on line 102
[27-Jun-2025 19:21:44 UTC] PHP Warning:  ldap_get_values(): Cannot get the value(s) of attribute Decoding error in /usr/share/mcConsolette/code/lib/ldap_basic.php on line 101
[27-Jun-2025 19:21:44 UTC] PHP Warning:  Trying to access array offset on value of type bool in /usr/share/mcConsolette/code/lib/ldap_basic.php on line 102
[27-Jun-2025 19:21:44 UTC] PHP Warning:  ldap_get_values(): Cannot get the value(s) of attribute Decoding error in /usr/share/mcConsolette/code/lib/ldap_basic.php on line 101
[27-Jun-2025 19:21:44 UTC] PHP Warning:  Trying to access array offset on value of type bool in /usr/share/mcConsolette/code/lib/ldap_basic.php on line 102
[27-Jun-2025 19:21:46 UTC] PHP Warning:  Undefined array key "mail" in /usr/share/mcConsolette/code/modules/users/user.php on line 9
[27-Jun-2025 19:21:46 UTC] PHP Warning:  foreach() argument must be of type array|object, null given in /usr/share/mcConsolette/code/modules/users/user.php on line 9
[27-Jun-2025 19:21:48 UTC] PHP Warning:  ldap_get_values(): Cannot get the value(s) of attribute Decoding error in /usr/share/mcConsolette/code/lib/ldap_basic.php on line 101
[27-Jun-2025 19:21:48 UTC] PHP Warning:  Trying to access array offset on value of type bool in /usr/share/mcConsolette/code/lib/ldap_basic.php on line 102
[27-Jun-2025 19:21:48 UTC] PHP Warning:  ldap_get_values(): Cannot get the value(s) of attribute Decoding error in /usr/share/mcConsolette/code/lib/ldap_basic.php on line 101
[27-Jun-2025 19:21:48 UTC] PHP Warning:  Trying to access array offset on value of type bool in /usr/share/mcConsolette/code/lib/ldap_basic.php on line 102
[27-Jun-2025 19:21:51 UTC] PHP Warning:  Undefined variable $attrs in /usr/share/mcConsolette/code/lib/utilities.php on line 21
[27-Jun-2025 19:21:51 UTC] PHP Warning:  Undefined array key 1 in /usr/share/mcConsolette/templates_c/43101db05f2090267ec7a2bc8fe2ef327ed4a476_0.file.detail.tpl.php on line 68
[27-Jun-2025 19:21:54 UTC] PHP Warning:  ldap_get_values(): Cannot get the value(s) of attribute Decoding error in /usr/share/mcConsolette/code/lib/ldap_basic.php on line 101
[27-Jun-2025 19:21:54 UTC] PHP Warning:  Trying to access array offset on value of type bool in /usr/share/mcConsolette/code/lib/ldap_basic.php on line 102
[27-Jun-2025 19:21:54 UTC] PHP Warning:  ldap_get_values(): Cannot get the value(s) of attribute Decoding error in /usr/share/mcConsolette/code/lib/ldap_basic.php on line 101
[27-Jun-2025 19:21:54 UTC] PHP Warning:  Trying to access array offset on value of type bool in /usr/share/mcConsolette/code/lib/ldap_basic.php on line 102
[27-Jun-2025 19:21:55 UTC] PHP Warning:  Undefined array key "mail" in /usr/share/mcConsolette/code/modules/users/user.php on line 9
[27-Jun-2025 19:21:55 UTC] PHP Warning:  foreach() argument must be of type array|object, null given in /usr/share/mcConsolette/code/modules/users/user.php on line 9
[27-Jun-2025 19:21:58 UTC] PHP Warning:  ldap_get_values(): Cannot get the value(s) of attribute Decoding error in /usr/share/mcConsolette/code/lib/ldap_basic.php on line 101
[27-Jun-2025 19:21:58 UTC] PHP Warning:  Trying to access array offset on value of type bool in /usr/share/mcConsolette/code/lib/ldap_basic.php on line 102
[27-Jun-2025 19:21:58 UTC] PHP Warning:  ldap_get_values(): Cannot get the value(s) of attribute Decoding error in /usr/share/mcConsolette/code/lib/ldap_basic.php on line 101
[27-Jun-2025 19:21:58 UTC] PHP Warning:  Trying to access array offset on value of type bool in /usr/share/mcConsolette/code/lib/ldap_basic.php on line 102
[27-Jun-2025 19:25:18 UTC] PHP Warning:  ldap_get_values(): Cannot get the value(s) of attribute Decoding error in /usr/share/mcConsolette/code/lib/ldap_basic.php on line 101
[27-Jun-2025 19:25:18 UTC] PHP Warning:  Trying to access array offset on value of type bool in /usr/share/mcConsolette/code/lib/ldap_basic.php on line 102
[27-Jun-2025 19:25:18 UTC] PHP Warning:  ldap_get_values(): Cannot get the value(s) of attribute Decoding error in /usr/share/mcConsolette/code/lib/ldap_basic.php on line 101
[27-Jun-2025 19:25:18 UTC] PHP Warning:  Trying to access array offset on value of type bool in /usr/share/mcConsolette/code/lib/ldap_basic.php on line 102
[27-Jun-2025 19:26:30 UTC] PHP Warning:  Undefined array key "mail" in /usr/share/mcConsolette/code/modules/users/user.php on line 9
[27-Jun-2025 19:26:30 UTC] PHP Warning:  foreach() argument must be of type array|object, null given in /usr/share/mcConsolette/code/modules/users/user.php on line 9
[27-Jun-2025 19:26:32 UTC] PHP Warning:  ldap_get_values(): Cannot get the value(s) of attribute Decoding error in /usr/share/mcConsolette/code/lib/ldap_basic.php on line 101
[27-Jun-2025 19:26:32 UTC] PHP Warning:  Trying to access array offset on value of type bool in /usr/share/mcConsolette/code/lib/ldap_basic.php on line 102
[27-Jun-2025 19:26:32 UTC] PHP Warning:  ldap_get_values(): Cannot get the value(s) of attribute Decoding error in /usr/share/mcConsolette/code/lib/ldap_basic.php on line 101
[27-Jun-2025 19:26:32 UTC] PHP Warning:  Trying to access array offset on value of type bool in /usr/share/mcConsolette/code/lib/ldap_basic.php on line 102
[27-Jun-2025 19:26:36 UTC] PHP Warning:  Undefined array key "mail" in /usr/share/mcConsolette/code/modules/users/user.php on line 9
[27-Jun-2025 19:26:36 UTC] PHP Warning:  foreach() argument must be of type array|object, null given in /usr/share/mcConsolette/code/modules/users/user.php on line 9
[27-Jun-2025 19:26:37 UTC] PHP Warning:  Undefined array key "mail" in /usr/share/mcConsolette/code/modules/users/user.php on line 9
[27-Jun-2025 19:26:37 UTC] PHP Warning:  foreach() argument must be of type array|object, null given in /usr/share/mcConsolette/code/modules/users/user.php on line 9
[27-Jun-2025 19:26:39 UTC] PHP Warning:  Undefined array key "mail" in /usr/share/mcConsolette/code/modules/users/user.php on line 9
[27-Jun-2025 19:26:39 UTC] PHP Warning:  foreach() argument must be of type array|object, null given in /usr/share/mcConsolette/code/modules/users/user.php on line 9
[27-Jun-2025 19:26:40 UTC] PHP Warning:  Undefined array key "mail" in /usr/share/mcConsolette/code/modules/users/user.php on line 9
[27-Jun-2025 19:26:40 UTC] PHP Warning:  foreach() argument must be of type array|object, null given in /usr/share/mcConsolette/code/modules/users/user.php on line 9
[27-Jun-2025 19:26:42 UTC] PHP Warning:  ldap_get_values(): Cannot get the value(s) of attribute Decoding error in /usr/share/mcConsolette/code/lib/ldap_basic.php on line 101
[27-Jun-2025 19:26:42 UTC] PHP Warning:  Trying to access array offset on value of type bool in /usr/share/mcConsolette/code/lib/ldap_basic.php on line 102
[27-Jun-2025 19:26:42 UTC] PHP Warning:  ldap_get_values(): Cannot get the value(s) of attribute Decoding error in /usr/share/mcConsolette/code/lib/ldap_basic.php on line 101
[27-Jun-2025 19:26:42 UTC] PHP Warning:  Trying to access array offset on value of type bool in /usr/share/mcConsolette/code/lib/ldap_basic.php on line 102
[27-Jun-2025 19:30:51 UTC] PHP Warning:  ldap_get_values(): Cannot get the value(s) of attribute Decoding error in /usr/share/mcConsolette/code/lib/ldap_basic.php on line 101
[27-Jun-2025 19:30:51 UTC] PHP Warning:  Trying to access array offset on value of type bool in /usr/share/mcConsolette/code/lib/ldap_basic.php on line 102
[27-Jun-2025 19:30:51 UTC] PHP Warning:  ldap_get_values(): Cannot get the value(s) of attribute Decoding error in /usr/share/mcConsolette/code/lib/ldap_basic.php on line 101
[27-Jun-2025 19:30:51 UTC] PHP Warning:  Trying to access array offset on value of type bool in /usr/share/mcConsolette/code/lib/ldap_basic.php on line 102
[27-Jun-2025 19:30:52 UTC] PHP Warning:  ldap_get_values(): Cannot get the value(s) of attribute Decoding error in /usr/share/mcConsolette/code/lib/ldap_basic.php on line 101
[27-Jun-2025 19:30:52 UTC] PHP Warning:  Trying to access array offset on value of type bool in /usr/share/mcConsolette/code/lib/ldap_basic.php on line 102
[27-Jun-2025 19:30:52 UTC] PHP Warning:  ldap_get_values(): Cannot get the value(s) of attribute Decoding error in /usr/share/mcConsolette/code/lib/ldap_basic.php on line 101
[27-Jun-2025 19:30:52 UTC] PHP Warning:  Trying to access array offset on value of type bool in /usr/share/mcConsolette/code/lib/ldap_basic.php on line 102
[27-Jun-2025 19:30:54 UTC] PHP Warning:  ldap_get_values(): Cannot get the value(s) of attribute Decoding error in /usr/share/mcConsolette/code/lib/ldap_basic.php on line 101
[27-Jun-2025 19:30:54 UTC] PHP Warning:  Trying to access array offset on value of type bool in /usr/share/mcConsolette/code/lib/ldap_basic.php on line 102
[27-Jun-2025 19:30:54 UTC] PHP Warning:  ldap_get_values(): Cannot get the value(s) of attribute Decoding error in /usr/share/mcConsolette/code/lib/ldap_basic.php on line 101
[27-Jun-2025 19:30:54 UTC] PHP Warning:  Trying to access array offset on value of type bool in /usr/share/mcConsolette/code/lib/ldap_basic.php on line 102
[27-Jun-2025 19:30:55 UTC] PHP Warning:  ldap_get_values(): Cannot get the value(s) of attribute Decoding error in /usr/share/mcConsolette/code/lib/ldap_basic.php on line 101
[27-Jun-2025 19:30:55 UTC] PHP Warning:  Trying to access array offset on value of type bool in /usr/share/mcConsolette/code/lib/ldap_basic.php on line 102
[27-Jun-2025 19:30:55 UTC] PHP Warning:  ldap_get_values(): Cannot get the value(s) of attribute Decoding error in /usr/share/mcConsolette/code/lib/ldap_basic.php on line 101
[27-Jun-2025 19:30:55 UTC] PHP Warning:  Trying to access array offset on value of type bool in /usr/share/mcConsolette/code/lib/ldap_basic.php on line 102
[27-Jun-2025 19:30:56 UTC] PHP Warning:  ldap_get_values(): Cannot get the value(s) of attribute Decoding error in /usr/share/mcConsolette/code/lib/ldap_basic.php on line 101
[27-Jun-2025 19:30:56 UTC] PHP Warning:  Trying to access array offset on value of type bool in /usr/share/mcConsolette/code/lib/ldap_basic.php on line 102
[27-Jun-2025 19:30:56 UTC] PHP Warning:  ldap_get_values(): Cannot get the value(s) of attribute Decoding error in /usr/share/mcConsolette/code/lib/ldap_basic.php on line 101
[27-Jun-2025 19:30:56 UTC] PHP Warning:  Trying to access array offset on value of type bool in /usr/share/mcConsolette/code/lib/ldap_basic.php on line 102
[27-Jun-2025 19:30:57 UTC] PHP Warning:  ldap_get_values(): Cannot get the value(s) of attribute Decoding error in /usr/share/mcConsolette/code/lib/ldap_basic.php on line 101
[27-Jun-2025 19:30:57 UTC] PHP Warning:  Trying to access array offset on value of type bool in /usr/share/mcConsolette/code/lib/ldap_basic.php on line 102
[27-Jun-2025 19:30:57 UTC] PHP Warning:  ldap_get_values(): Cannot get the value(s) of attribute Decoding error in /usr/share/mcConsolette/code/lib/ldap_basic.php on line 101
[27-Jun-2025 19:30:57 UTC] PHP Warning:  Trying to access array offset on value of type bool in /usr/share/mcConsolette/code/lib/ldap_basic.php on line 102
[27-Jun-2025 19:30:58 UTC] PHP Warning:  ldap_get_values(): Cannot get the value(s) of attribute Decoding error in /usr/share/mcConsolette/code/lib/ldap_basic.php on line 101
[27-Jun-2025 19:30:58 UTC] PHP Warning:  Trying to access array offset on value of type bool in /usr/share/mcConsolette/code/lib/ldap_basic.php on line 102
[27-Jun-2025 19:30:58 UTC] PHP Warning:  ldap_get_values(): Cannot get the value(s) of attribute Decoding error in /usr/share/mcConsolette/code/lib/ldap_basic.php on line 101
[27-Jun-2025 19:30:58 UTC] PHP Warning:  Trying to access array offset on value of type bool in /usr/share/mcConsolette/code/lib/ldap_basic.php on line 102
[27-Jun-2025 19:30:59 UTC] PHP Warning:  ldap_get_values(): Cannot get the value(s) of attribute Decoding error in /usr/share/mcConsolette/code/lib/ldap_basic.php on line 101
[27-Jun-2025 19:30:59 UTC] PHP Warning:  Trying to access array offset on value of type bool in /usr/share/mcConsolette/code/lib/ldap_basic.php on line 102
[27-Jun-2025 19:30:59 UTC] PHP Warning:  ldap_get_values(): Cannot get the value(s) of attribute Decoding error in /usr/share/mcConsolette/code/lib/ldap_basic.php on line 101
[27-Jun-2025 19:30:59 UTC] PHP Warning:  Trying to access array offset on value of type bool in /usr/share/mcConsolette/code/lib/ldap_basic.php on line 102
[27-Jun-2025 19:31:01 UTC] PHP Warning:  ldap_get_values(): Cannot get the value(s) of attribute Decoding error in /usr/share/mcConsolette/code/lib/ldap_basic.php on line 101
[27-Jun-2025 19:31:01 UTC] PHP Warning:  Trying to access array offset on value of type bool in /usr/share/mcConsolette/code/lib/ldap_basic.php on line 102
[27-Jun-2025 19:31:01 UTC] PHP Warning:  ldap_get_values(): Cannot get the value(s) of attribute Decoding error in /usr/share/mcConsolette/code/lib/ldap_basic.php on line 101
[27-Jun-2025 19:31:01 UTC] PHP Warning:  Trying to access array offset on value of type bool in /usr/share/mcConsolette/code/lib/ldap_basic.php on line 102
[27-Jun-2025 19:31:02 UTC] PHP Warning:  ldap_get_values(): Cannot get the value(s) of attribute Decoding error in /usr/share/mcConsolette/code/lib/ldap_basic.php on line 101
[27-Jun-2025 19:31:02 UTC] PHP Warning:  Trying to access array offset on value of type bool in /usr/share/mcConsolette/code/lib/ldap_basic.php on line 102
[27-Jun-2025 19:31:02 UTC] PHP Warning:  ldap_get_values(): Cannot get the value(s) of attribute Decoding error in /usr/share/mcConsolette/code/lib/ldap_basic.php on line 101
[27-Jun-2025 19:31:02 UTC] PHP Warning:  Trying to access array offset on value of type bool in /usr/share/mcConsolette/code/lib/ldap_basic.php on line 102
[27-Jun-2025 19:31:03 UTC] PHP Warning:  ldap_get_values(): Cannot get the value(s) of attribute Decoding error in /usr/share/mcConsolette/code/lib/ldap_basic.php on line 101
[27-Jun-2025 19:31:03 UTC] PHP Warning:  Trying to access array offset on value of type bool in /usr/share/mcConsolette/code/lib/ldap_basic.php on line 102
[27-Jun-2025 19:31:03 UTC] PHP Warning:  ldap_get_values(): Cannot get the value(s) of attribute Decoding error in /usr/share/mcConsolette/code/lib/ldap_basic.php on line 101
[27-Jun-2025 19:31:03 UTC] PHP Warning:  Trying to access array offset on value of type bool in /usr/share/mcConsolette/code/lib/ldap_basic.php on line 102
[27-Jun-2025 19:31:04 UTC] PHP Warning:  ldap_get_values(): Cannot get the value(s) of attribute Decoding error in /usr/share/mcConsolette/code/lib/ldap_basic.php on line 101
[27-Jun-2025 19:31:04 UTC] PHP Warning:  Trying to access array offset on value of type bool in /usr/share/mcConsolette/code/lib/ldap_basic.php on line 102
[27-Jun-2025 19:31:04 UTC] PHP Warning:  ldap_get_values(): Cannot get the value(s) of attribute Decoding error in /usr/share/mcConsolette/code/lib/ldap_basic.php on line 101
[27-Jun-2025 19:31:04 UTC] PHP Warning:  Trying to access array offset on value of type bool in /usr/share/mcConsolette/code/lib/ldap_basic.php on line 102
[27-Jun-2025 19:31:05 UTC] PHP Warning:  ldap_get_values(): Cannot get the value(s) of attribute Decoding error in /usr/share/mcConsolette/code/lib/ldap_basic.php on line 101
[27-Jun-2025 19:31:05 UTC] PHP Warning:  Trying to access array offset on value of type bool in /usr/share/mcConsolette/code/lib/ldap_basic.php on line 102
[27-Jun-2025 19:31:05 UTC] PHP Warning:  ldap_get_values(): Cannot get the value(s) of attribute Decoding error in /usr/share/mcConsolette/code/lib/ldap_basic.php on line 101
[27-Jun-2025 19:31:05 UTC] PHP Warning:  Trying to access array offset on value of type bool in /usr/share/mcConsolette/code/lib/ldap_basic.php on line 102
[27-Jun-2025 19:31:06 UTC] PHP Warning:  ldap_get_values(): Cannot get the value(s) of attribute Decoding error in /usr/share/mcConsolette/code/lib/ldap_basic.php on line 101
[27-Jun-2025 19:31:06 UTC] PHP Warning:  Trying to access array offset on value of type bool in /usr/share/mcConsolette/code/lib/ldap_basic.php on line 102
[27-Jun-2025 19:31:06 UTC] PHP Warning:  ldap_get_values(): Cannot get the value(s) of attribute Decoding error in /usr/share/mcConsolette/code/lib/ldap_basic.php on line 101
[27-Jun-2025 19:31:06 UTC] PHP Warning:  Trying to access array offset on value of type bool in /usr/share/mcConsolette/code/lib/ldap_basic.php on line 102
[27-Jun-2025 19:31:06 UTC] PHP Warning:  ldap_get_values(): Cannot get the value(s) of attribute Decoding error in /usr/share/mcConsolette/code/lib/ldap_basic.php on line 101
[27-Jun-2025 19:31:06 UTC] PHP Warning:  Trying to access array offset on value of type bool in /usr/share/mcConsolette/code/lib/ldap_basic.php on line 102
[27-Jun-2025 19:31:06 UTC] PHP Warning:  ldap_get_values(): Cannot get the value(s) of attribute Decoding error in /usr/share/mcConsolette/code/lib/ldap_basic.php on line 101
[27-Jun-2025 19:31:06 UTC] PHP Warning:  Trying to access array offset on value of type bool in /usr/share/mcConsolette/code/lib/ldap_basic.php on line 102
[27-Jun-2025 19:31:07 UTC] PHP Warning:  ldap_get_values(): Cannot get the value(s) of attribute Decoding error in /usr/share/mcConsolette/code/lib/ldap_basic.php on line 101
[27-Jun-2025 19:31:07 UTC] PHP Warning:  Trying to access array offset on value of type bool in /usr/share/mcConsolette/code/lib/ldap_basic.php on line 102
[27-Jun-2025 19:31:07 UTC] PHP Warning:  ldap_get_values(): Cannot get the value(s) of attribute Decoding error in /usr/share/mcConsolette/code/lib/ldap_basic.php on line 101
[27-Jun-2025 19:31:07 UTC] PHP Warning:  Trying to access array offset on value of type bool in /usr/share/mcConsolette/code/lib/ldap_basic.php on line 102
[27-Jun-2025 19:31:07 UTC] PHP Warning:  ldap_get_values(): Cannot get the value(s) of attribute Decoding error in /usr/share/mcConsolette/code/lib/ldap_basic.php on line 101
[27-Jun-2025 19:31:07 UTC] PHP Warning:  Trying to access array offset on value of type bool in /usr/share/mcConsolette/code/lib/ldap_basic.php on line 102
[27-Jun-2025 19:31:07 UTC] PHP Warning:  ldap_get_values(): Cannot get the value(s) of attribute Decoding error in /usr/share/mcConsolette/code/lib/ldap_basic.php on line 101
[27-Jun-2025 19:31:07 UTC] PHP Warning:  Trying to access array offset on value of type bool in /usr/share/mcConsolette/code/lib/ldap_basic.php on line 102
[27-Jun-2025 19:31:07 UTC] PHP Warning:  ldap_get_values(): Cannot get the value(s) of attribute Decoding error in /usr/share/mcConsolette/code/lib/ldap_basic.php on line 101
[27-Jun-2025 19:31:07 UTC] PHP Warning:  Trying to access array offset on value of type bool in /usr/share/mcConsolette/code/lib/ldap_basic.php on line 102
[27-Jun-2025 19:31:07 UTC] PHP Warning:  ldap_get_values(): Cannot get the value(s) of attribute Decoding error in /usr/share/mcConsolette/code/lib/ldap_basic.php on line 101
[27-Jun-2025 19:31:07 UTC] PHP Warning:  Trying to access array offset on value of type bool in /usr/share/mcConsolette/code/lib/ldap_basic.php on line 102
[27-Jun-2025 19:31:07 UTC] PHP Warning:  ldap_get_values(): Cannot get the value(s) of attribute Decoding error in /usr/share/mcConsolette/code/lib/ldap_basic.php on line 101
[27-Jun-2025 19:31:07 UTC] PHP Warning:  Trying to access array offset on value of type bool in /usr/share/mcConsolette/code/lib/ldap_basic.php on line 102
[27-Jun-2025 19:31:07 UTC] PHP Warning:  ldap_get_values(): Cannot get the value(s) of attribute Decoding error in /usr/share/mcConsolette/code/lib/ldap_basic.php on line 101
[27-Jun-2025 19:31:07 UTC] PHP Warning:  Trying to access array offset on value of type bool in /usr/share/mcConsolette/code/lib/ldap_basic.php on line 102
[27-Jun-2025 19:31:07 UTC] PHP Warning:  ldap_get_values(): Cannot get the value(s) of attribute Decoding error in /usr/share/mcConsolette/code/lib/ldap_basic.php on line 101
[27-Jun-2025 19:31:07 UTC] PHP Warning:  Trying to access array offset on value of type bool in /usr/share/mcConsolette/code/lib/ldap_basic.php on line 102
[27-Jun-2025 19:31:07 UTC] PHP Warning:  ldap_get_values(): Cannot get the value(s) of attribute Decoding error in /usr/share/mcConsolette/code/lib/ldap_basic.php on line 101
[27-Jun-2025 19:31:07 UTC] PHP Warning:  Trying to access array offset on value of type bool in /usr/share/mcConsolette/code/lib/ldap_basic.php on line 102
[27-Jun-2025 19:31:07 UTC] PHP Warning:  ldap_get_values(): Cannot get the value(s) of attribute Decoding error in /usr/share/mcConsolette/code/lib/ldap_basic.php on line 101
[27-Jun-2025 19:31:07 UTC] PHP Warning:  Trying to access array offset on value of type bool in /usr/share/mcConsolette/code/lib/ldap_basic.php on line 102
[27-Jun-2025 19:31:07 UTC] PHP Warning:  ldap_get_values(): Cannot get the value(s) of attribute Decoding error in /usr/share/mcConsolette/code/lib/ldap_basic.php on line 101
[27-Jun-2025 19:31:07 UTC] PHP Warning:  Trying to access array offset on value of type bool in /usr/share/mcConsolette/code/lib/ldap_basic.php on line 102
[27-Jun-2025 19:31:07 UTC] PHP Warning:  ldap_get_values(): Cannot get the value(s) of attribute Decoding error in /usr/share/mcConsolette/code/lib/ldap_basic.php on line 101
[27-Jun-2025 19:31:07 UTC] PHP Warning:  Trying to access array offset on value of type bool in /usr/share/mcConsolette/code/lib/ldap_basic.php on line 102
[27-Jun-2025 19:31:07 UTC] PHP Warning:  ldap_get_values(): Cannot get the value(s) of attribute Decoding error in /usr/share/mcConsolette/code/lib/ldap_basic.php on line 101
[27-Jun-2025 19:31:07 UTC] PHP Warning:  Trying to access array offset on value of type bool in /usr/share/mcConsolette/code/lib/ldap_basic.php on line 102
[27-Jun-2025 19:31:07 UTC] PHP Warning:  ldap_get_values(): Cannot get the value(s) of attribute Decoding error in /usr/share/mcConsolette/code/lib/ldap_basic.php on line 101
[27-Jun-2025 19:31:07 UTC] PHP Warning:  Trying to access array offset on value of type bool in /usr/share/mcConsolette/code/lib/ldap_basic.php on line 102
[27-Jun-2025 19:31:07 UTC] PHP Warning:  ldap_get_values(): Cannot get the value(s) of attribute Decoding error in /usr/share/mcConsolette/code/lib/ldap_basic.php on line 101
[27-Jun-2025 19:31:07 UTC] PHP Warning:  Trying to access array offset on value of type bool in /usr/share/mcConsolette/code/lib/ldap_basic.php on line 102
[27-Jun-2025 19:31:08 UTC] PHP Warning:  ldap_get_values(): Cannot get the value(s) of attribute Decoding error in /usr/share/mcConsolette/code/lib/ldap_basic.php on line 101
[27-Jun-2025 19:31:08 UTC] PHP Warning:  Trying to access array offset on value of type bool in /usr/share/mcConsolette/code/lib/ldap_basic.php on line 102
[27-Jun-2025 19:31:08 UTC] PHP Warning:  ldap_get_values(): Cannot get the value(s) of attribute Decoding error in /usr/share/mcConsolette/code/lib/ldap_basic.php on line 101
[27-Jun-2025 19:31:08 UTC] PHP Warning:  Trying to access array offset on value of type bool in /usr/share/mcConsolette/code/lib/ldap_basic.php on line 102
[27-Jun-2025 19:31:08 UTC] PHP Warning:  ldap_get_values(): Cannot get the value(s) of attribute Decoding error in /usr/share/mcConsolette/code/lib/ldap_basic.php on line 101
[27-Jun-2025 19:31:08 UTC] PHP Warning:  Trying to access array offset on value of type bool in /usr/share/mcConsolette/code/lib/ldap_basic.php on line 102
[27-Jun-2025 19:31:08 UTC] PHP Warning:  ldap_get_values(): Cannot get the value(s) of attribute Decoding error in /usr/share/mcConsolette/code/lib/ldap_basic.php on line 101
[27-Jun-2025 19:31:08 UTC] PHP Warning:  Trying to access array offset on value of type bool in /usr/share/mcConsolette/code/lib/ldap_basic.php on line 102
[27-Jun-2025 19:31:08 UTC] PHP Warning:  ldap_get_values(): Cannot get the value(s) of attribute Decoding error in /usr/share/mcConsolette/code/lib/ldap_basic.php on line 101
[27-Jun-2025 19:31:08 UTC] PHP Warning:  Trying to access array offset on value of type bool in /usr/share/mcConsolette/code/lib/ldap_basic.php on line 102
[27-Jun-2025 19:31:08 UTC] PHP Warning:  ldap_get_values(): Cannot get the value(s) of attribute Decoding error in /usr/share/mcConsolette/code/lib/ldap_basic.php on line 101
[27-Jun-2025 19:31:08 UTC] PHP Warning:  Trying to access array offset on value of type bool in /usr/share/mcConsolette/code/lib/ldap_basic.php on line 102
[27-Jun-2025 19:31:08 UTC] PHP Warning:  ldap_get_values(): Cannot get the value(s) of attribute Decoding error in /usr/share/mcConsolette/code/lib/ldap_basic.php on line 101
[27-Jun-2025 19:31:08 UTC] PHP Warning:  Trying to access array offset on value of type bool in /usr/share/mcConsolette/code/lib/ldap_basic.php on line 102
[27-Jun-2025 19:31:08 UTC] PHP Warning:  ldap_get_values(): Cannot get the value(s) of attribute Decoding error in /usr/share/mcConsolette/code/lib/ldap_basic.php on line 101
[27-Jun-2025 19:31:08 UTC] PHP Warning:  Trying to access array offset on value of type bool in /usr/share/mcConsolette/code/lib/ldap_basic.php on line 102
[27-Jun-2025 19:31:08 UTC] PHP Warning:  ldap_get_values(): Cannot get the value(s) of attribute Decoding error in /usr/share/mcConsolette/code/lib/ldap_basic.php on line 101
[27-Jun-2025 19:31:08 UTC] PHP Warning:  Trying to access array offset on value of type bool in /usr/share/mcConsolette/code/lib/ldap_basic.php on line 102
[27-Jun-2025 19:31:08 UTC] PHP Warning:  ldap_get_values(): Cannot get the value(s) of attribute Decoding error in /usr/share/mcConsolette/code/lib/ldap_basic.php on line 101
[27-Jun-2025 19:31:08 UTC] PHP Warning:  Trying to access array offset on value of type bool in /usr/share/mcConsolette/code/lib/ldap_basic.php on line 102
[27-Jun-2025 19:31:08 UTC] PHP Warning:  ldap_get_values(): Cannot get the value(s) of attribute Decoding error in /usr/share/mcConsolette/code/lib/ldap_basic.php on line 101
[27-Jun-2025 19:31:08 UTC] PHP Warning:  Trying to access array offset on value of type bool in /usr/share/mcConsolette/code/lib/ldap_basic.php on line 102
[27-Jun-2025 19:31:08 UTC] PHP Warning:  ldap_get_values(): Cannot get the value(s) of attribute Decoding error in /usr/share/mcConsolette/code/lib/ldap_basic.php on line 101
[27-Jun-2025 19:31:08 UTC] PHP Warning:  Trying to access array offset on value of type bool in /usr/share/mcConsolette/code/lib/ldap_basic.php on line 102
[27-Jun-2025 19:31:08 UTC] PHP Warning:  ldap_get_values(): Cannot get the value(s) of attribute Decoding error in /usr/share/mcConsolette/code/lib/ldap_basic.php on line 101
[27-Jun-2025 19:31:08 UTC] PHP Warning:  Trying to access array offset on value of type bool in /usr/share/mcConsolette/code/lib/ldap_basic.php on line 102
[27-Jun-2025 19:31:08 UTC] PHP Warning:  ldap_get_values(): Cannot get the value(s) of attribute Decoding error in /usr/share/mcConsolette/code/lib/ldap_basic.php on line 101
[27-Jun-2025 19:31:08 UTC] PHP Warning:  Trying to access array offset on value of type bool in /usr/share/mcConsolette/code/lib/ldap_basic.php on line 102
[27-Jun-2025 19:31:08 UTC] PHP Warning:  ldap_get_values(): Cannot get the value(s) of attribute Decoding error in /usr/share/mcConsolette/code/lib/ldap_basic.php on line 101
[27-Jun-2025 19:31:08 UTC] PHP Warning:  Trying to access array offset on value of type bool in /usr/share/mcConsolette/code/lib/ldap_basic.php on line 102
[27-Jun-2025 19:31:08 UTC] PHP Warning:  ldap_get_values(): Cannot get the value(s) of attribute Decoding error in /usr/share/mcConsolette/code/lib/ldap_basic.php on line 101
[27-Jun-2025 19:31:08 UTC] PHP Warning:  Trying to access array offset on value of type bool in /usr/share/mcConsolette/code/lib/ldap_basic.php on line 102
[27-Jun-2025 19:31:09 UTC] PHP Warning:  ldap_get_values(): Cannot get the value(s) of attribute Decoding error in /usr/share/mcConsolette/code/lib/ldap_basic.php on line 101
[27-Jun-2025 19:31:09 UTC] PHP Warning:  Trying to access array offset on value of type bool in /usr/share/mcConsolette/code/lib/ldap_basic.php on line 102
[27-Jun-2025 19:31:09 UTC] PHP Warning:  ldap_get_values(): Cannot get the value(s) of attribute Decoding error in /usr/share/mcConsolette/code/lib/ldap_basic.php on line 101
[27-Jun-2025 19:31:09 UTC] PHP Warning:  Trying to access array offset on value of type bool in /usr/share/mcConsolette/code/lib/ldap_basic.php on line 102
[27-Jun-2025 19:31:09 UTC] PHP Warning:  ldap_get_values(): Cannot get the value(s) of attribute Decoding error in /usr/share/mcConsolette/code/lib/ldap_basic.php on line 101
[27-Jun-2025 19:31:09 UTC] PHP Warning:  Trying to access array offset on value of type bool in /usr/share/mcConsolette/code/lib/ldap_basic.php on line 102
[27-Jun-2025 19:31:09 UTC] PHP Warning:  ldap_get_values(): Cannot get the value(s) of attribute Decoding error in /usr/share/mcConsolette/code/lib/ldap_basic.php on line 101
[27-Jun-2025 19:31:09 UTC] PHP Warning:  Trying to access array offset on value of type bool in /usr/share/mcConsolette/code/lib/ldap_basic.php on line 102
[27-Jun-2025 19:31:09 UTC] PHP Warning:  ldap_get_values(): Cannot get the value(s) of attribute Decoding error in /usr/share/mcConsolette/code/lib/ldap_basic.php on line 101
[27-Jun-2025 19:31:09 UTC] PHP Warning:  Trying to access array offset on value of type bool in /usr/share/mcConsolette/code/lib/ldap_basic.php on line 102
[27-Jun-2025 19:31:09 UTC] PHP Warning:  ldap_get_values(): Cannot get the value(s) of attribute Decoding error in /usr/share/mcConsolette/code/lib/ldap_basic.php on line 101
[27-Jun-2025 19:31:09 UTC] PHP Warning:  Trying to access array offset on value of type bool in /usr/share/mcConsolette/code/lib/ldap_basic.php on line 102
[27-Jun-2025 19:31:09 UTC] PHP Warning:  ldap_get_values(): Cannot get the value(s) of attribute Decoding error in /usr/share/mcConsolette/code/lib/ldap_basic.php on line 101
[27-Jun-2025 19:31:09 UTC] PHP Warning:  Trying to access array offset on value of type bool in /usr/share/mcConsolette/code/lib/ldap_basic.php on line 102
[27-Jun-2025 19:31:09 UTC] PHP Warning:  ldap_get_values(): Cannot get the value(s) of attribute Decoding error in /usr/share/mcConsolette/code/lib/ldap_basic.php on line 101
[27-Jun-2025 19:31:09 UTC] PHP Warning:  Trying to access array offset on value of type bool in /usr/share/mcConsolette/code/lib/ldap_basic.php on line 102
[27-Jun-2025 19:31:09 UTC] PHP Warning:  ldap_get_values(): Cannot get the value(s) of attribute Decoding error in /usr/share/mcConsolette/code/lib/ldap_basic.php on line 101
[27-Jun-2025 19:31:09 UTC] PHP Warning:  Trying to access array offset on value of type bool in /usr/share/mcConsolette/code/lib/ldap_basic.php on line 102
[27-Jun-2025 19:31:09 UTC] PHP Warning:  ldap_get_values(): Cannot get the value(s) of attribute Decoding error in /usr/share/mcConsolette/code/lib/ldap_basic.php on line 101
[27-Jun-2025 19:31:09 UTC] PHP Warning:  Trying to access array offset on value of type bool in /usr/share/mcConsolette/code/lib/ldap_basic.php on line 102
[27-Jun-2025 19:31:09 UTC] PHP Warning:  ldap_get_values(): Cannot get the value(s) of attribute Decoding error in /usr/share/mcConsolette/code/lib/ldap_basic.php on line 101
[27-Jun-2025 19:31:09 UTC] PHP Warning:  Trying to access array offset on value of type bool in /usr/share/mcConsolette/code/lib/ldap_basic.php on line 102
[27-Jun-2025 19:31:09 UTC] PHP Warning:  ldap_get_values(): Cannot get the value(s) of attribute Decoding error in /usr/share/mcConsolette/code/lib/ldap_basic.php on line 101
[27-Jun-2025 19:31:09 UTC] PHP Warning:  Trying to access array offset on value of type bool in /usr/share/mcConsolette/code/lib/ldap_basic.php on line 102
[27-Jun-2025 19:31:09 UTC] PHP Warning:  ldap_get_values(): Cannot get the value(s) of attribute Decoding error in /usr/share/mcConsolette/code/lib/ldap_basic.php on line 101
[27-Jun-2025 19:31:09 UTC] PHP Warning:  Trying to access array offset on value of type bool in /usr/share/mcConsolette/code/lib/ldap_basic.php on line 102
[27-Jun-2025 19:31:09 UTC] PHP Warning:  ldap_get_values(): Cannot get the value(s) of attribute Decoding error in /usr/share/mcConsolette/code/lib/ldap_basic.php on line 101
[27-Jun-2025 19:31:09 UTC] PHP Warning:  Trying to access array offset on value of type bool in /usr/share/mcConsolette/code/lib/ldap_basic.php on line 102
[27-Jun-2025 19:31:10 UTC] PHP Warning:  ldap_get_values(): Cannot get the value(s) of attribute Decoding error in /usr/share/mcConsolette/code/lib/ldap_basic.php on line 101
[27-Jun-2025 19:31:10 UTC] PHP Warning:  Trying to access array offset on value of type bool in /usr/share/mcConsolette/code/lib/ldap_basic.php on line 102
[27-Jun-2025 19:31:10 UTC] PHP Warning:  ldap_get_values(): Cannot get the value(s) of attribute Decoding error in /usr/share/mcConsolette/code/lib/ldap_basic.php on line 101
[27-Jun-2025 19:31:10 UTC] PHP Warning:  Trying to access array offset on value of type bool in /usr/share/mcConsolette/code/lib/ldap_basic.php on line 102
[27-Jun-2025 19:31:10 UTC] PHP Warning:  ldap_get_values(): Cannot get the value(s) of attribute Decoding error in /usr/share/mcConsolette/code/lib/ldap_basic.php on line 101
[27-Jun-2025 19:31:10 UTC] PHP Warning:  Trying to access array offset on value of type bool in /usr/share/mcConsolette/code/lib/ldap_basic.php on line 102
[27-Jun-2025 19:31:10 UTC] PHP Warning:  ldap_get_values(): Cannot get the value(s) of attribute Decoding error in /usr/share/mcConsolette/code/lib/ldap_basic.php on line 101
[27-Jun-2025 19:31:10 UTC] PHP Warning:  Trying to access array offset on value of type bool in /usr/share/mcConsolette/code/lib/ldap_basic.php on line 102
[27-Jun-2025 19:31:10 UTC] PHP Warning:  ldap_get_values(): Cannot get the value(s) of attribute Decoding error in /usr/share/mcConsolette/code/lib/ldap_basic.php on line 101
[27-Jun-2025 19:31:10 UTC] PHP Warning:  Trying to access array offset on value of type bool in /usr/share/mcConsolette/code/lib/ldap_basic.php on line 102
[27-Jun-2025 19:31:10 UTC] PHP Warning:  ldap_get_values(): Cannot get the value(s) of attribute Decoding error in /usr/share/mcConsolette/code/lib/ldap_basic.php on line 101
[27-Jun-2025 19:31:10 UTC] PHP Warning:  Trying to access array offset on value of type bool in /usr/share/mcConsolette/code/lib/ldap_basic.php on line 102
[27-Jun-2025 19:31:10 UTC] PHP Warning:  ldap_get_values(): Cannot get the value(s) of attribute Decoding error in /usr/share/mcConsolette/code/lib/ldap_basic.php on line 101
[27-Jun-2025 19:31:10 UTC] PHP Warning:  Trying to access array offset on value of type bool in /usr/share/mcConsolette/code/lib/ldap_basic.php on line 102
[27-Jun-2025 19:31:10 UTC] PHP Warning:  ldap_get_values(): Cannot get the value(s) of attribute Decoding error in /usr/share/mcConsolette/code/lib/ldap_basic.php on line 101
[27-Jun-2025 19:31:10 UTC] PHP Warning:  Trying to access array offset on value of type bool in /usr/share/mcConsolette/code/lib/ldap_basic.php on line 102
[27-Jun-2025 19:31:10 UTC] PHP Warning:  ldap_get_values(): Cannot get the value(s) of attribute Decoding error in /usr/share/mcConsolette/code/lib/ldap_basic.php on line 101
[27-Jun-2025 19:31:10 UTC] PHP Warning:  Trying to access array offset on value of type bool in /usr/share/mcConsolette/code/lib/ldap_basic.php on line 102
[27-Jun-2025 19:31:10 UTC] PHP Warning:  ldap_get_values(): Cannot get the value(s) of attribute Decoding error in /usr/share/mcConsolette/code/lib/ldap_basic.php on line 101
[27-Jun-2025 19:31:10 UTC] PHP Warning:  Trying to access array offset on value of type bool in /usr/share/mcConsolette/code/lib/ldap_basic.php on line 102
[27-Jun-2025 19:31:10 UTC] PHP Warning:  ldap_get_values(): Cannot get the value(s) of attribute Decoding error in /usr/share/mcConsolette/code/lib/ldap_basic.php on line 101
[27-Jun-2025 19:31:10 UTC] PHP Warning:  Trying to access array offset on value of type bool in /usr/share/mcConsolette/code/lib/ldap_basic.php on line 102
[27-Jun-2025 19:31:10 UTC] PHP Warning:  ldap_get_values(): Cannot get the value(s) of attribute Decoding error in /usr/share/mcConsolette/code/lib/ldap_basic.php on line 101
[27-Jun-2025 19:31:10 UTC] PHP Warning:  Trying to access array offset on value of type bool in /usr/share/mcConsolette/code/lib/ldap_basic.php on line 102
[27-Jun-2025 19:31:10 UTC] PHP Warning:  ldap_get_values(): Cannot get the value(s) of attribute Decoding error in /usr/share/mcConsolette/code/lib/ldap_basic.php on line 101
[27-Jun-2025 19:31:10 UTC] PHP Warning:  Trying to access array offset on value of type bool in /usr/share/mcConsolette/code/lib/ldap_basic.php on line 102
[27-Jun-2025 19:31:10 UTC] PHP Warning:  ldap_get_values(): Cannot get the value(s) of attribute Decoding error in /usr/share/mcConsolette/code/lib/ldap_basic.php on line 101
[27-Jun-2025 19:31:10 UTC] PHP Warning:  Trying to access array offset on value of type bool in /usr/share/mcConsolette/code/lib/ldap_basic.php on line 102
[27-Jun-2025 19:31:10 UTC] PHP Warning:  ldap_get_values(): Cannot get the value(s) of attribute Decoding error in /usr/share/mcConsolette/code/lib/ldap_basic.php on line 101
[27-Jun-2025 19:31:10 UTC] PHP Warning:  Trying to access array offset on value of type bool in /usr/share/mcConsolette/code/lib/ldap_basic.php on line 102
[27-Jun-2025 19:31:10 UTC] PHP Warning:  ldap_get_values(): Cannot get the value(s) of attribute Decoding error in /usr/share/mcConsolette/code/lib/ldap_basic.php on line 101
[27-Jun-2025 19:31:10 UTC] PHP Warning:  Trying to access array offset on value of type bool in /usr/share/mcConsolette/code/lib/ldap_basic.php on line 102
[27-Jun-2025 19:31:10 UTC] PHP Warning:  ldap_get_values(): Cannot get the value(s) of attribute Decoding error in /usr/share/mcConsolette/code/lib/ldap_basic.php on line 101
[27-Jun-2025 19:31:10 UTC] PHP Warning:  Trying to access array offset on value of type bool in /usr/share/mcConsolette/code/lib/ldap_basic.php on line 102
[27-Jun-2025 19:31:10 UTC] PHP Warning:  ldap_get_values(): Cannot get the value(s) of attribute Decoding error in /usr/share/mcConsolette/code/lib/ldap_basic.php on line 101
[27-Jun-2025 19:31:10 UTC] PHP Warning:  Trying to access array offset on value of type bool in /usr/share/mcConsolette/code/lib/ldap_basic.php on line 102
[27-Jun-2025 19:31:11 UTC] PHP Warning:  ldap_get_values(): Cannot get the value(s) of attribute Decoding error in /usr/share/mcConsolette/code/lib/ldap_basic.php on line 101
[27-Jun-2025 19:31:11 UTC] PHP Warning:  Trying to access array offset on value of type bool in /usr/share/mcConsolette/code/lib/ldap_basic.php on line 102
[27-Jun-2025 19:31:11 UTC] PHP Warning:  ldap_get_values(): Cannot get the value(s) of attribute Decoding error in /usr/share/mcConsolette/code/lib/ldap_basic.php on line 101
[27-Jun-2025 19:31:11 UTC] PHP Warning:  Trying to access array offset on value of type bool in /usr/share/mcConsolette/code/lib/ldap_basic.php on line 102
[27-Jun-2025 19:31:11 UTC] PHP Warning:  ldap_get_values(): Cannot get the value(s) of attribute Decoding error in /usr/share/mcConsolette/code/lib/ldap_basic.php on line 101
[27-Jun-2025 19:31:11 UTC] PHP Warning:  Trying to access array offset on value of type bool in /usr/share/mcConsolette/code/lib/ldap_basic.php on line 102
[27-Jun-2025 19:31:11 UTC] PHP Warning:  ldap_get_values(): Cannot get the value(s) of attribute Decoding error in /usr/share/mcConsolette/code/lib/ldap_basic.php on line 101
[27-Jun-2025 19:31:11 UTC] PHP Warning:  Trying to access array offset on value of type bool in /usr/share/mcConsolette/code/lib/ldap_basic.php on line 102
[27-Jun-2025 19:31:11 UTC] PHP Warning:  ldap_get_values(): Cannot get the value(s) of attribute Decoding error in /usr/share/mcConsolette/code/lib/ldap_basic.php on line 101
[27-Jun-2025 19:31:11 UTC] PHP Warning:  Trying to access array offset on value of type bool in /usr/share/mcConsolette/code/lib/ldap_basic.php on line 102
[27-Jun-2025 19:31:11 UTC] PHP Warning:  ldap_get_values(): Cannot get the value(s) of attribute Decoding error in /usr/share/mcConsolette/code/lib/ldap_basic.php on line 101
[27-Jun-2025 19:31:11 UTC] PHP Warning:  Trying to access array offset on value of type bool in /usr/share/mcConsolette/code/lib/ldap_basic.php on line 102
[27-Jun-2025 19:31:11 UTC] PHP Warning:  ldap_get_values(): Cannot get the value(s) of attribute Decoding error in /usr/share/mcConsolette/code/lib/ldap_basic.php on line 101
[27-Jun-2025 19:31:11 UTC] PHP Warning:  Trying to access array offset on value of type bool in /usr/share/mcConsolette/code/lib/ldap_basic.php on line 102
[27-Jun-2025 19:31:11 UTC] PHP Warning:  ldap_get_values(): Cannot get the value(s) of attribute Decoding error in /usr/share/mcConsolette/code/lib/ldap_basic.php on line 101
[27-Jun-2025 19:31:11 UTC] PHP Warning:  Trying to access array offset on value of type bool in /usr/share/mcConsolette/code/lib/ldap_basic.php on line 102
[27-Jun-2025 19:31:11 UTC] PHP Warning:  ldap_get_values(): Cannot get the value(s) of attribute Decoding error in /usr/share/mcConsolette/code/lib/ldap_basic.php on line 101
[27-Jun-2025 19:31:11 UTC] PHP Warning:  Trying to access array offset on value of type bool in /usr/share/mcConsolette/code/lib/ldap_basic.php on line 102
[27-Jun-2025 19:31:11 UTC] PHP Warning:  ldap_get_values(): Cannot get the value(s) of attribute Decoding error in /usr/share/mcConsolette/code/lib/ldap_basic.php on line 101
[27-Jun-2025 19:31:11 UTC] PHP Warning:  Trying to access array offset on value of type bool in /usr/share/mcConsolette/code/lib/ldap_basic.php on line 102
[27-Jun-2025 19:31:11 UTC] PHP Warning:  ldap_get_values(): Cannot get the value(s) of attribute Decoding error in /usr/share/mcConsolette/code/lib/ldap_basic.php on line 101
[27-Jun-2025 19:31:11 UTC] PHP Warning:  Trying to access array offset on value of type bool in /usr/share/mcConsolette/code/lib/ldap_basic.php on line 102
[27-Jun-2025 19:31:11 UTC] PHP Warning:  ldap_get_values(): Cannot get the value(s) of attribute Decoding error in /usr/share/mcConsolette/code/lib/ldap_basic.php on line 101
[27-Jun-2025 19:31:11 UTC] PHP Warning:  Trying to access array offset on value of type bool in /usr/share/mcConsolette/code/lib/ldap_basic.php on line 102
[27-Jun-2025 19:31:11 UTC] PHP Warning:  ldap_get_values(): Cannot get the value(s) of attribute Decoding error in /usr/share/mcConsolette/code/lib/ldap_basic.php on line 101
[27-Jun-2025 19:31:11 UTC] PHP Warning:  Trying to access array offset on value of type bool in /usr/share/mcConsolette/code/lib/ldap_basic.php on line 102
[27-Jun-2025 19:31:11 UTC] PHP Warning:  ldap_get_values(): Cannot get the value(s) of attribute Decoding error in /usr/share/mcConsolette/code/lib/ldap_basic.php on line 101
[27-Jun-2025 19:31:11 UTC] PHP Warning:  Trying to access array offset on value of type bool in /usr/share/mcConsolette/code/lib/ldap_basic.php on line 102
[27-Jun-2025 19:31:11 UTC] PHP Warning:  ldap_get_values(): Cannot get the value(s) of attribute Decoding error in /usr/share/mcConsolette/code/lib/ldap_basic.php on line 101
[27-Jun-2025 19:31:11 UTC] PHP Warning:  Trying to access array offset on value of type bool in /usr/share/mcConsolette/code/lib/ldap_basic.php on line 102
[27-Jun-2025 19:31:11 UTC] PHP Warning:  ldap_get_values(): Cannot get the value(s) of attribute Decoding error in /usr/share/mcConsolette/code/lib/ldap_basic.php on line 101
[27-Jun-2025 19:31:11 UTC] PHP Warning:  Trying to access array offset on value of type bool in /usr/share/mcConsolette/code/lib/ldap_basic.php on line 102
[27-Jun-2025 19:31:11 UTC] PHP Warning:  ldap_get_values(): Cannot get the value(s) of attribute Decoding error in /usr/share/mcConsolette/code/lib/ldap_basic.php on line 101
[27-Jun-2025 19:31:11 UTC] PHP Warning:  Trying to access array offset on value of type bool in /usr/share/mcConsolette/code/lib/ldap_basic.php on line 102
[27-Jun-2025 19:31:11 UTC] PHP Warning:  ldap_get_values(): Cannot get the value(s) of attribute Decoding error in /usr/share/mcConsolette/code/lib/ldap_basic.php on line 101
[27-Jun-2025 19:31:11 UTC] PHP Warning:  Trying to access array offset on value of type bool in /usr/share/mcConsolette/code/lib/ldap_basic.php on line 102
[27-Jun-2025 19:31:12 UTC] PHP Warning:  ldap_get_values(): Cannot get the value(s) of attribute Decoding error in /usr/share/mcConsolette/code/lib/ldap_basic.php on line 101
[27-Jun-2025 19:31:12 UTC] PHP Warning:  Trying to access array offset on value of type bool in /usr/share/mcConsolette/code/lib/ldap_basic.php on line 102
[27-Jun-2025 19:31:12 UTC] PHP Warning:  ldap_get_values(): Cannot get the value(s) of attribute Decoding error in /usr/share/mcConsolette/code/lib/ldap_basic.php on line 101
[27-Jun-2025 19:31:12 UTC] PHP Warning:  Trying to access array offset on value of type bool in /usr/share/mcConsolette/code/lib/ldap_basic.php on line 102
[27-Jun-2025 19:31:12 UTC] PHP Warning:  ldap_get_values(): Cannot get the value(s) of attribute Decoding error in /usr/share/mcConsolette/code/lib/ldap_basic.php on line 101
[27-Jun-2025 19:31:12 UTC] PHP Warning:  Trying to access array offset on value of type bool in /usr/share/mcConsolette/code/lib/ldap_basic.php on line 102
[27-Jun-2025 19:31:12 UTC] PHP Warning:  ldap_get_values(): Cannot get the value(s) of attribute Decoding error in /usr/share/mcConsolette/code/lib/ldap_basic.php on line 101
[27-Jun-2025 19:31:12 UTC] PHP Warning:  Trying to access array offset on value of type bool in /usr/share/mcConsolette/code/lib/ldap_basic.php on line 102
[27-Jun-2025 19:31:12 UTC] PHP Warning:  ldap_get_values(): Cannot get the value(s) of attribute Decoding error in /usr/share/mcConsolette/code/lib/ldap_basic.php on line 101
[27-Jun-2025 19:31:12 UTC] PHP Warning:  Trying to access array offset on value of type bool in /usr/share/mcConsolette/code/lib/ldap_basic.php on line 102
[27-Jun-2025 19:31:12 UTC] PHP Warning:  ldap_get_values(): Cannot get the value(s) of attribute Decoding error in /usr/share/mcConsolette/code/lib/ldap_basic.php on line 101
[27-Jun-2025 19:31:12 UTC] PHP Warning:  Trying to access array offset on value of type bool in /usr/share/mcConsolette/code/lib/ldap_basic.php on line 102
[27-Jun-2025 19:31:12 UTC] PHP Warning:  ldap_get_values(): Cannot get the value(s) of attribute Decoding error in /usr/share/mcConsolette/code/lib/ldap_basic.php on line 101
[27-Jun-2025 19:31:12 UTC] PHP Warning:  Trying to access array offset on value of type bool in /usr/share/mcConsolette/code/lib/ldap_basic.php on line 102
[27-Jun-2025 19:31:12 UTC] PHP Warning:  ldap_get_values(): Cannot get the value(s) of attribute Decoding error in /usr/share/mcConsolette/code/lib/ldap_basic.php on line 101
[27-Jun-2025 19:31:12 UTC] PHP Warning:  Trying to access array offset on value of type bool in /usr/share/mcConsolette/code/lib/ldap_basic.php on line 102
[27-Jun-2025 19:31:12 UTC] PHP Warning:  ldap_get_values(): Cannot get the value(s) of attribute Decoding error in /usr/share/mcConsolette/code/lib/ldap_basic.php on line 101
[27-Jun-2025 19:31:12 UTC] PHP Warning:  Trying to access array offset on value of type bool in /usr/share/mcConsolette/code/lib/ldap_basic.php on line 102
[27-Jun-2025 19:31:12 UTC] PHP Warning:  ldap_get_values(): Cannot get the value(s) of attribute Decoding error in /usr/share/mcConsolette/code/lib/ldap_basic.php on line 101
[27-Jun-2025 19:31:12 UTC] PHP Warning:  Trying to access array offset on value of type bool in /usr/share/mcConsolette/code/lib/ldap_basic.php on line 102
[27-Jun-2025 19:31:12 UTC] PHP Warning:  ldap_get_values(): Cannot get the value(s) of attribute Decoding error in /usr/share/mcConsolette/code/lib/ldap_basic.php on line 101
[27-Jun-2025 19:31:12 UTC] PHP Warning:  Trying to access array offset on value of type bool in /usr/share/mcConsolette/code/lib/ldap_basic.php on line 102
[27-Jun-2025 19:31:12 UTC] PHP Warning:  ldap_get_values(): Cannot get the value(s) of attribute Decoding error in /usr/share/mcConsolette/code/lib/ldap_basic.php on line 101
[27-Jun-2025 19:31:12 UTC] PHP Warning:  Trying to access array offset on value of type bool in /usr/share/mcConsolette/code/lib/ldap_basic.php on line 102
[27-Jun-2025 19:31:12 UTC] PHP Warning:  ldap_get_values(): Cannot get the value(s) of attribute Decoding error in /usr/share/mcConsolette/code/lib/ldap_basic.php on line 101
[27-Jun-2025 19:31:12 UTC] PHP Warning:  Trying to access array offset on value of type bool in /usr/share/mcConsolette/code/lib/ldap_basic.php on line 102
[27-Jun-2025 19:31:12 UTC] PHP Warning:  ldap_get_values(): Cannot get the value(s) of attribute Decoding error in /usr/share/mcConsolette/code/lib/ldap_basic.php on line 101
[27-Jun-2025 19:31:12 UTC] PHP Warning:  Trying to access array offset on value of type bool in /usr/share/mcConsolette/code/lib/ldap_basic.php on line 102
[27-Jun-2025 19:31:12 UTC] PHP Warning:  ldap_get_values(): Cannot get the value(s) of attribute Decoding error in /usr/share/mcConsolette/code/lib/ldap_basic.php on line 101
[27-Jun-2025 19:31:12 UTC] PHP Warning:  Trying to access array offset on value of type bool in /usr/share/mcConsolette/code/lib/ldap_basic.php on line 102
[27-Jun-2025 19:31:12 UTC] PHP Warning:  ldap_get_values(): Cannot get the value(s) of attribute Decoding error in /usr/share/mcConsolette/code/lib/ldap_basic.php on line 101
[27-Jun-2025 19:31:12 UTC] PHP Warning:  Trying to access array offset on value of type bool in /usr/share/mcConsolette/code/lib/ldap_basic.php on line 102
[27-Jun-2025 19:31:13 UTC] PHP Warning:  ldap_get_values(): Cannot get the value(s) of attribute Decoding error in /usr/share/mcConsolette/code/lib/ldap_basic.php on line 101
[27-Jun-2025 19:31:13 UTC] PHP Warning:  Trying to access array offset on value of type bool in /usr/share/mcConsolette/code/lib/ldap_basic.php on line 102
[27-Jun-2025 19:31:13 UTC] PHP Warning:  ldap_get_values(): Cannot get the value(s) of attribute Decoding error in /usr/share/mcConsolette/code/lib/ldap_basic.php on line 101
[27-Jun-2025 19:31:13 UTC] PHP Warning:  Trying to access array offset on value of type bool in /usr/share/mcConsolette/code/lib/ldap_basic.php on line 102
[27-Jun-2025 19:31:13 UTC] PHP Warning:  ldap_get_values(): Cannot get the value(s) of attribute Decoding error in /usr/share/mcConsolette/code/lib/ldap_basic.php on line 101
[27-Jun-2025 19:31:13 UTC] PHP Warning:  Trying to access array offset on value of type bool in /usr/share/mcConsolette/code/lib/ldap_basic.php on line 102
[27-Jun-2025 19:31:13 UTC] PHP Warning:  ldap_get_values(): Cannot get the value(s) of attribute Decoding error in /usr/share/mcConsolette/code/lib/ldap_basic.php on line 101
[27-Jun-2025 19:31:13 UTC] PHP Warning:  Trying to access array offset on value of type bool in /usr/share/mcConsolette/code/lib/ldap_basic.php on line 102
[27-Jun-2025 19:31:13 UTC] PHP Warning:  ldap_get_values(): Cannot get the value(s) of attribute Decoding error in /usr/share/mcConsolette/code/lib/ldap_basic.php on line 101
[27-Jun-2025 19:31:13 UTC] PHP Warning:  Trying to access array offset on value of type bool in /usr/share/mcConsolette/code/lib/ldap_basic.php on line 102
[27-Jun-2025 19:31:13 UTC] PHP Warning:  ldap_get_values(): Cannot get the value(s) of attribute Decoding error in /usr/share/mcConsolette/code/lib/ldap_basic.php on line 101
[27-Jun-2025 19:31:13 UTC] PHP Warning:  Trying to access array offset on value of type bool in /usr/share/mcConsolette/code/lib/ldap_basic.php on line 102
[27-Jun-2025 19:31:13 UTC] PHP Warning:  ldap_get_values(): Cannot get the value(s) of attribute Decoding error in /usr/share/mcConsolette/code/lib/ldap_basic.php on line 101
[27-Jun-2025 19:31:13 UTC] PHP Warning:  Trying to access array offset on value of type bool in /usr/share/mcConsolette/code/lib/ldap_basic.php on line 102
[27-Jun-2025 19:31:13 UTC] PHP Warning:  ldap_get_values(): Cannot get the value(s) of attribute Decoding error in /usr/share/mcConsolette/code/lib/ldap_basic.php on line 101
[27-Jun-2025 19:31:13 UTC] PHP Warning:  Trying to access array offset on value of type bool in /usr/share/mcConsolette/code/lib/ldap_basic.php on line 102
[27-Jun-2025 19:31:13 UTC] PHP Warning:  ldap_get_values(): Cannot get the value(s) of attribute Decoding error in /usr/share/mcConsolette/code/lib/ldap_basic.php on line 101
[27-Jun-2025 19:31:13 UTC] PHP Warning:  Trying to access array offset on value of type bool in /usr/share/mcConsolette/code/lib/ldap_basic.php on line 102
[27-Jun-2025 19:31:13 UTC] PHP Warning:  ldap_get_values(): Cannot get the value(s) of attribute Decoding error in /usr/share/mcConsolette/code/lib/ldap_basic.php on line 101
[27-Jun-2025 19:31:13 UTC] PHP Warning:  Trying to access array offset on value of type bool in /usr/share/mcConsolette/code/lib/ldap_basic.php on line 102
[27-Jun-2025 19:31:13 UTC] PHP Warning:  ldap_get_values(): Cannot get the value(s) of attribute Decoding error in /usr/share/mcConsolette/code/lib/ldap_basic.php on line 101
[27-Jun-2025 19:31:13 UTC] PHP Warning:  Trying to access array offset on value of type bool in /usr/share/mcConsolette/code/lib/ldap_basic.php on line 102
[27-Jun-2025 19:31:13 UTC] PHP Warning:  ldap_get_values(): Cannot get the value(s) of attribute Decoding error in /usr/share/mcConsolette/code/lib/ldap_basic.php on line 101
[27-Jun-2025 19:31:13 UTC] PHP Warning:  Trying to access array offset on value of type bool in /usr/share/mcConsolette/code/lib/ldap_basic.php on line 102
[27-Jun-2025 19:31:13 UTC] PHP Warning:  ldap_get_values(): Cannot get the value(s) of attribute Decoding error in /usr/share/mcConsolette/code/lib/ldap_basic.php on line 101
[27-Jun-2025 19:31:13 UTC] PHP Warning:  Trying to access array offset on value of type bool in /usr/share/mcConsolette/code/lib/ldap_basic.php on line 102
[27-Jun-2025 19:31:13 UTC] PHP Warning:  ldap_get_values(): Cannot get the value(s) of attribute Decoding error in /usr/share/mcConsolette/code/lib/ldap_basic.php on line 101
[27-Jun-2025 19:31:13 UTC] PHP Warning:  Trying to access array offset on value of type bool in /usr/share/mcConsolette/code/lib/ldap_basic.php on line 102
[27-Jun-2025 19:31:13 UTC] PHP Warning:  ldap_get_values(): Cannot get the value(s) of attribute Decoding error in /usr/share/mcConsolette/code/lib/ldap_basic.php on line 101
[27-Jun-2025 19:31:13 UTC] PHP Warning:  Trying to access array offset on value of type bool in /usr/share/mcConsolette/code/lib/ldap_basic.php on line 102
[27-Jun-2025 19:31:13 UTC] PHP Warning:  ldap_get_values(): Cannot get the value(s) of attribute Decoding error in /usr/share/mcConsolette/code/lib/ldap_basic.php on line 101
[27-Jun-2025 19:31:13 UTC] PHP Warning:  Trying to access array offset on value of type bool in /usr/share/mcConsolette/code/lib/ldap_basic.php on line 102
[27-Jun-2025 19:31:14 UTC] PHP Warning:  ldap_get_values(): Cannot get the value(s) of attribute Decoding error in /usr/share/mcConsolette/code/lib/ldap_basic.php on line 101
[27-Jun-2025 19:31:14 UTC] PHP Warning:  Trying to access array offset on value of type bool in /usr/share/mcConsolette/code/lib/ldap_basic.php on line 102
[27-Jun-2025 19:31:14 UTC] PHP Warning:  ldap_get_values(): Cannot get the value(s) of attribute Decoding error in /usr/share/mcConsolette/code/lib/ldap_basic.php on line 101
[27-Jun-2025 19:31:14 UTC] PHP Warning:  Trying to access array offset on value of type bool in /usr/share/mcConsolette/code/lib/ldap_basic.php on line 102
[27-Jun-2025 19:31:14 UTC] PHP Warning:  ldap_get_values(): Cannot get the value(s) of attribute Decoding error in /usr/share/mcConsolette/code/lib/ldap_basic.php on line 101
[27-Jun-2025 19:31:14 UTC] PHP Warning:  Trying to access array offset on value of type bool in /usr/share/mcConsolette/code/lib/ldap_basic.php on line 102
[27-Jun-2025 19:31:14 UTC] PHP Warning:  ldap_get_values(): Cannot get the value(s) of attribute Decoding error in /usr/share/mcConsolette/code/lib/ldap_basic.php on line 101
[27-Jun-2025 19:31:14 UTC] PHP Warning:  Trying to access array offset on value of type bool in /usr/share/mcConsolette/code/lib/ldap_basic.php on line 102
[27-Jun-2025 19:31:14 UTC] PHP Warning:  ldap_get_values(): Cannot get the value(s) of attribute Decoding error in /usr/share/mcConsolette/code/lib/ldap_basic.php on line 101
[27-Jun-2025 19:31:14 UTC] PHP Warning:  Trying to access array offset on value of type bool in /usr/share/mcConsolette/code/lib/ldap_basic.php on line 102
[27-Jun-2025 19:31:14 UTC] PHP Warning:  ldap_get_values(): Cannot get the value(s) of attribute Decoding error in /usr/share/mcConsolette/code/lib/ldap_basic.php on line 101
[27-Jun-2025 19:31:14 UTC] PHP Warning:  Trying to access array offset on value of type bool in /usr/share/mcConsolette/code/lib/ldap_basic.php on line 102
[27-Jun-2025 19:31:14 UTC] PHP Warning:  ldap_get_values(): Cannot get the value(s) of attribute Decoding error in /usr/share/mcConsolette/code/lib/ldap_basic.php on line 101
[27-Jun-2025 19:31:14 UTC] PHP Warning:  Trying to access array offset on value of type bool in /usr/share/mcConsolette/code/lib/ldap_basic.php on line 102
[27-Jun-2025 19:31:14 UTC] PHP Warning:  ldap_get_values(): Cannot get the value(s) of attribute Decoding error in /usr/share/mcConsolette/code/lib/ldap_basic.php on line 101
[27-Jun-2025 19:31:14 UTC] PHP Warning:  Trying to access array offset on value of type bool in /usr/share/mcConsolette/code/lib/ldap_basic.php on line 102
[27-Jun-2025 19:31:14 UTC] PHP Warning:  ldap_get_values(): Cannot get the value(s) of attribute Decoding error in /usr/share/mcConsolette/code/lib/ldap_basic.php on line 101
[27-Jun-2025 19:31:14 UTC] PHP Warning:  Trying to access array offset on value of type bool in /usr/share/mcConsolette/code/lib/ldap_basic.php on line 102
[27-Jun-2025 19:31:14 UTC] PHP Warning:  ldap_get_values(): Cannot get the value(s) of attribute Decoding error in /usr/share/mcConsolette/code/lib/ldap_basic.php on line 101
[27-Jun-2025 19:31:14 UTC] PHP Warning:  Trying to access array offset on value of type bool in /usr/share/mcConsolette/code/lib/ldap_basic.php on line 102
[27-Jun-2025 19:31:14 UTC] PHP Warning:  ldap_get_values(): Cannot get the value(s) of attribute Decoding error in /usr/share/mcConsolette/code/lib/ldap_basic.php on line 101
[27-Jun-2025 19:31:14 UTC] PHP Warning:  Trying to access array offset on value of type bool in /usr/share/mcConsolette/code/lib/ldap_basic.php on line 102
[27-Jun-2025 19:31:14 UTC] PHP Warning:  ldap_get_values(): Cannot get the value(s) of attribute Decoding error in /usr/share/mcConsolette/code/lib/ldap_basic.php on line 101
[27-Jun-2025 19:31:14 UTC] PHP Warning:  Trying to access array offset on value of type bool in /usr/share/mcConsolette/code/lib/ldap_basic.php on line 102
[27-Jun-2025 19:31:14 UTC] PHP Warning:  ldap_get_values(): Cannot get the value(s) of attribute Decoding error in /usr/share/mcConsolette/code/lib/ldap_basic.php on line 101
[27-Jun-2025 19:31:14 UTC] PHP Warning:  Trying to access array offset on value of type bool in /usr/share/mcConsolette/code/lib/ldap_basic.php on line 102
[27-Jun-2025 19:31:14 UTC] PHP Warning:  ldap_get_values(): Cannot get the value(s) of attribute Decoding error in /usr/share/mcConsolette/code/lib/ldap_basic.php on line 101
[27-Jun-2025 19:31:14 UTC] PHP Warning:  Trying to access array offset on value of type bool in /usr/share/mcConsolette/code/lib/ldap_basic.php on line 102
[27-Jun-2025 19:31:15 UTC] PHP Warning:  ldap_get_values(): Cannot get the value(s) of attribute Decoding error in /usr/share/mcConsolette/code/lib/ldap_basic.php on line 101
[27-Jun-2025 19:31:15 UTC] PHP Warning:  Trying to access array offset on value of type bool in /usr/share/mcConsolette/code/lib/ldap_basic.php on line 102
[27-Jun-2025 19:31:15 UTC] PHP Warning:  ldap_get_values(): Cannot get the value(s) of attribute Decoding error in /usr/share/mcConsolette/code/lib/ldap_basic.php on line 101
[27-Jun-2025 19:31:15 UTC] PHP Warning:  Trying to access array offset on value of type bool in /usr/share/mcConsolette/code/lib/ldap_basic.php on line 102
[27-Jun-2025 19:31:15 UTC] PHP Warning:  ldap_get_values(): Cannot get the value(s) of attribute Decoding error in /usr/share/mcConsolette/code/lib/ldap_basic.php on line 101
[27-Jun-2025 19:31:15 UTC] PHP Warning:  Trying to access array offset on value of type bool in /usr/share/mcConsolette/code/lib/ldap_basic.php on line 102
[27-Jun-2025 19:31:15 UTC] PHP Warning:  ldap_get_values(): Cannot get the value(s) of attribute Decoding error in /usr/share/mcConsolette/code/lib/ldap_basic.php on line 101
[27-Jun-2025 19:31:15 UTC] PHP Warning:  Trying to access array offset on value of type bool in /usr/share/mcConsolette/code/lib/ldap_basic.php on line 102
[27-Jun-2025 19:31:15 UTC] PHP Warning:  ldap_get_values(): Cannot get the value(s) of attribute Decoding error in /usr/share/mcConsolette/code/lib/ldap_basic.php on line 101
[27-Jun-2025 19:31:15 UTC] PHP Warning:  Trying to access array offset on value of type bool in /usr/share/mcConsolette/code/lib/ldap_basic.php on line 102
[27-Jun-2025 19:31:15 UTC] PHP Warning:  ldap_get_values(): Cannot get the value(s) of attribute Decoding error in /usr/share/mcConsolette/code/lib/ldap_basic.php on line 101
[27-Jun-2025 19:31:15 UTC] PHP Warning:  Trying to access array offset on value of type bool in /usr/share/mcConsolette/code/lib/ldap_basic.php on line 102
[27-Jun-2025 19:31:15 UTC] PHP Warning:  ldap_get_values(): Cannot get the value(s) of attribute Decoding error in /usr/share/mcConsolette/code/lib/ldap_basic.php on line 101
[27-Jun-2025 19:31:15 UTC] PHP Warning:  Trying to access array offset on value of type bool in /usr/share/mcConsolette/code/lib/ldap_basic.php on line 102
[27-Jun-2025 19:31:15 UTC] PHP Warning:  ldap_get_values(): Cannot get the value(s) of attribute Decoding error in /usr/share/mcConsolette/code/lib/ldap_basic.php on line 101
[27-Jun-2025 19:31:15 UTC] PHP Warning:  Trying to access array offset on value of type bool in /usr/share/mcConsolette/code/lib/ldap_basic.php on line 102
[27-Jun-2025 19:31:15 UTC] PHP Warning:  ldap_get_values(): Cannot get the value(s) of attribute Decoding error in /usr/share/mcConsolette/code/lib/ldap_basic.php on line 101
[27-Jun-2025 19:31:15 UTC] PHP Warning:  Trying to access array offset on value of type bool in /usr/share/mcConsolette/code/lib/ldap_basic.php on line 102
[27-Jun-2025 19:31:15 UTC] PHP Warning:  ldap_get_values(): Cannot get the value(s) of attribute Decoding error in /usr/share/mcConsolette/code/lib/ldap_basic.php on line 101
[27-Jun-2025 19:31:15 UTC] PHP Warning:  Trying to access array offset on value of type bool in /usr/share/mcConsolette/code/lib/ldap_basic.php on line 102
[27-Jun-2025 19:31:15 UTC] PHP Warning:  ldap_get_values(): Cannot get the value(s) of attribute Decoding error in /usr/share/mcConsolette/code/lib/ldap_basic.php on line 101
[27-Jun-2025 19:31:15 UTC] PHP Warning:  Trying to access array offset on value of type bool in /usr/share/mcConsolette/code/lib/ldap_basic.php on line 102
[27-Jun-2025 19:31:15 UTC] PHP Warning:  ldap_get_values(): Cannot get the value(s) of attribute Decoding error in /usr/share/mcConsolette/code/lib/ldap_basic.php on line 101
[27-Jun-2025 19:31:15 UTC] PHP Warning:  Trying to access array offset on value of type bool in /usr/share/mcConsolette/code/lib/ldap_basic.php on line 102
[27-Jun-2025 19:31:15 UTC] PHP Warning:  ldap_get_values(): Cannot get the value(s) of attribute Decoding error in /usr/share/mcConsolette/code/lib/ldap_basic.php on line 101
[27-Jun-2025 19:31:15 UTC] PHP Warning:  Trying to access array offset on value of type bool in /usr/share/mcConsolette/code/lib/ldap_basic.php on line 102
[27-Jun-2025 19:31:15 UTC] PHP Warning:  ldap_get_values(): Cannot get the value(s) of attribute Decoding error in /usr/share/mcConsolette/code/lib/ldap_basic.php on line 101
[27-Jun-2025 19:31:15 UTC] PHP Warning:  Trying to access array offset on value of type bool in /usr/share/mcConsolette/code/lib/ldap_basic.php on line 102
[27-Jun-2025 19:31:15 UTC] PHP Warning:  ldap_get_values(): Cannot get the value(s) of attribute Decoding error in /usr/share/mcConsolette/code/lib/ldap_basic.php on line 101
[27-Jun-2025 19:31:15 UTC] PHP Warning:  Trying to access array offset on value of type bool in /usr/share/mcConsolette/code/lib/ldap_basic.php on line 102
[27-Jun-2025 19:31:15 UTC] PHP Warning:  ldap_get_values(): Cannot get the value(s) of attribute Decoding error in /usr/share/mcConsolette/code/lib/ldap_basic.php on line 101
[27-Jun-2025 19:31:15 UTC] PHP Warning:  Trying to access array offset on value of type bool in /usr/share/mcConsolette/code/lib/ldap_basic.php on line 102
[27-Jun-2025 19:31:16 UTC] PHP Warning:  ldap_get_values(): Cannot get the value(s) of attribute Decoding error in /usr/share/mcConsolette/code/lib/ldap_basic.php on line 101
[27-Jun-2025 19:31:16 UTC] PHP Warning:  Trying to access array offset on value of type bool in /usr/share/mcConsolette/code/lib/ldap_basic.php on line 102
[27-Jun-2025 19:31:16 UTC] PHP Warning:  ldap_get_values(): Cannot get the value(s) of attribute Decoding error in /usr/share/mcConsolette/code/lib/ldap_basic.php on line 101
[27-Jun-2025 19:31:16 UTC] PHP Warning:  Trying to access array offset on value of type bool in /usr/share/mcConsolette/code/lib/ldap_basic.php on line 102
[27-Jun-2025 19:31:16 UTC] PHP Warning:  ldap_get_values(): Cannot get the value(s) of attribute Decoding error in /usr/share/mcConsolette/code/lib/ldap_basic.php on line 101
[27-Jun-2025 19:31:16 UTC] PHP Warning:  Trying to access array offset on value of type bool in /usr/share/mcConsolette/code/lib/ldap_basic.php on line 102
[27-Jun-2025 19:31:16 UTC] PHP Warning:  ldap_get_values(): Cannot get the value(s) of attribute Decoding error in /usr/share/mcConsolette/code/lib/ldap_basic.php on line 101
[27-Jun-2025 19:31:16 UTC] PHP Warning:  Trying to access array offset on value of type bool in /usr/share/mcConsolette/code/lib/ldap_basic.php on line 102
[27-Jun-2025 19:31:16 UTC] PHP Warning:  ldap_get_values(): Cannot get the value(s) of attribute Decoding error in /usr/share/mcConsolette/code/lib/ldap_basic.php on line 101
[27-Jun-2025 19:31:16 UTC] PHP Warning:  Trying to access array offset on value of type bool in /usr/share/mcConsolette/code/lib/ldap_basic.php on line 102
[27-Jun-2025 19:31:16 UTC] PHP Warning:  ldap_get_values(): Cannot get the value(s) of attribute Decoding error in /usr/share/mcConsolette/code/lib/ldap_basic.php on line 101
[27-Jun-2025 19:31:16 UTC] PHP Warning:  Trying to access array offset on value of type bool in /usr/share/mcConsolette/code/lib/ldap_basic.php on line 102
[27-Jun-2025 19:31:16 UTC] PHP Warning:  ldap_get_values(): Cannot get the value(s) of attribute Decoding error in /usr/share/mcConsolette/code/lib/ldap_basic.php on line 101
[27-Jun-2025 19:31:16 UTC] PHP Warning:  Trying to access array offset on value of type bool in /usr/share/mcConsolette/code/lib/ldap_basic.php on line 102
[27-Jun-2025 19:31:16 UTC] PHP Warning:  ldap_get_values(): Cannot get the value(s) of attribute Decoding error in /usr/share/mcConsolette/code/lib/ldap_basic.php on line 101
[27-Jun-2025 19:31:16 UTC] PHP Warning:  Trying to access array offset on value of type bool in /usr/share/mcConsolette/code/lib/ldap_basic.php on line 102
[27-Jun-2025 19:31:16 UTC] PHP Warning:  ldap_get_values(): Cannot get the value(s) of attribute Decoding error in /usr/share/mcConsolette/code/lib/ldap_basic.php on line 101
[27-Jun-2025 19:31:16 UTC] PHP Warning:  Trying to access array offset on value of type bool in /usr/share/mcConsolette/code/lib/ldap_basic.php on line 102
[27-Jun-2025 19:31:16 UTC] PHP Warning:  ldap_get_values(): Cannot get the value(s) of attribute Decoding error in /usr/share/mcConsolette/code/lib/ldap_basic.php on line 101
[27-Jun-2025 19:31:16 UTC] PHP Warning:  Trying to access array offset on value of type bool in /usr/share/mcConsolette/code/lib/ldap_basic.php on line 102
[27-Jun-2025 19:31:16 UTC] PHP Warning:  ldap_get_values(): Cannot get the value(s) of attribute Decoding error in /usr/share/mcConsolette/code/lib/ldap_basic.php on line 101
[27-Jun-2025 19:31:16 UTC] PHP Warning:  Trying to access array offset on value of type bool in /usr/share/mcConsolette/code/lib/ldap_basic.php on line 102
[27-Jun-2025 19:31:16 UTC] PHP Warning:  ldap_get_values(): Cannot get the value(s) of attribute Decoding error in /usr/share/mcConsolette/code/lib/ldap_basic.php on line 101
[27-Jun-2025 19:31:16 UTC] PHP Warning:  Trying to access array offset on value of type bool in /usr/share/mcConsolette/code/lib/ldap_basic.php on line 102
[27-Jun-2025 19:31:16 UTC] PHP Warning:  ldap_get_values(): Cannot get the value(s) of attribute Decoding error in /usr/share/mcConsolette/code/lib/ldap_basic.php on line 101
[27-Jun-2025 19:31:16 UTC] PHP Warning:  Trying to access array offset on value of type bool in /usr/share/mcConsolette/code/lib/ldap_basic.php on line 102
[27-Jun-2025 19:31:16 UTC] PHP Warning:  ldap_get_values(): Cannot get the value(s) of attribute Decoding error in /usr/share/mcConsolette/code/lib/ldap_basic.php on line 101
[27-Jun-2025 19:31:16 UTC] PHP Warning:  Trying to access array offset on value of type bool in /usr/share/mcConsolette/code/lib/ldap_basic.php on line 102
[27-Jun-2025 19:31:16 UTC] PHP Warning:  ldap_get_values(): Cannot get the value(s) of attribute Decoding error in /usr/share/mcConsolette/code/lib/ldap_basic.php on line 101
[27-Jun-2025 19:31:16 UTC] PHP Warning:  Trying to access array offset on value of type bool in /usr/share/mcConsolette/code/lib/ldap_basic.php on line 102
[27-Jun-2025 19:31:16 UTC] PHP Warning:  ldap_get_values(): Cannot get the value(s) of attribute Decoding error in /usr/share/mcConsolette/code/lib/ldap_basic.php on line 101
[27-Jun-2025 19:31:16 UTC] PHP Warning:  Trying to access array offset on value of type bool in /usr/share/mcConsolette/code/lib/ldap_basic.php on line 102
[27-Jun-2025 19:31:16 UTC] PHP Warning:  ldap_get_values(): Cannot get the value(s) of attribute Decoding error in /usr/share/mcConsolette/code/lib/ldap_basic.php on line 101
[27-Jun-2025 19:31:16 UTC] PHP Warning:  Trying to access array offset on value of type bool in /usr/share/mcConsolette/code/lib/ldap_basic.php on line 102
[27-Jun-2025 19:31:16 UTC] PHP Warning:  ldap_get_values(): Cannot get the value(s) of attribute Decoding error in /usr/share/mcConsolette/code/lib/ldap_basic.php on line 101
[27-Jun-2025 19:31:16 UTC] PHP Warning:  Trying to access array offset on value of type bool in /usr/share/mcConsolette/code/lib/ldap_basic.php on line 102
[27-Jun-2025 19:31:17 UTC] PHP Warning:  ldap_get_values(): Cannot get the value(s) of attribute Decoding error in /usr/share/mcConsolette/code/lib/ldap_basic.php on line 101
[27-Jun-2025 19:31:17 UTC] PHP Warning:  Trying to access array offset on value of type bool in /usr/share/mcConsolette/code/lib/ldap_basic.php on line 102
[27-Jun-2025 19:31:17 UTC] PHP Warning:  ldap_get_values(): Cannot get the value(s) of attribute Decoding error in /usr/share/mcConsolette/code/lib/ldap_basic.php on line 101
[27-Jun-2025 19:31:17 UTC] PHP Warning:  Trying to access array offset on value of type bool in /usr/share/mcConsolette/code/lib/ldap_basic.php on line 102
[27-Jun-2025 19:31:17 UTC] PHP Warning:  ldap_get_values(): Cannot get the value(s) of attribute Decoding error in /usr/share/mcConsolette/code/lib/ldap_basic.php on line 101
[27-Jun-2025 19:31:17 UTC] PHP Warning:  Trying to access array offset on value of type bool in /usr/share/mcConsolette/code/lib/ldap_basic.php on line 102
[27-Jun-2025 19:31:17 UTC] PHP Warning:  ldap_get_values(): Cannot get the value(s) of attribute Decoding error in /usr/share/mcConsolette/code/lib/ldap_basic.php on line 101
[27-Jun-2025 19:31:17 UTC] PHP Warning:  Trying to access array offset on value of type bool in /usr/share/mcConsolette/code/lib/ldap_basic.php on line 102
[27-Jun-2025 19:31:17 UTC] PHP Warning:  ldap_get_values(): Cannot get the value(s) of attribute Decoding error in /usr/share/mcConsolette/code/lib/ldap_basic.php on line 101
[27-Jun-2025 19:31:17 UTC] PHP Warning:  Trying to access array offset on value of type bool in /usr/share/mcConsolette/code/lib/ldap_basic.php on line 102
[27-Jun-2025 19:31:17 UTC] PHP Warning:  ldap_get_values(): Cannot get the value(s) of attribute Decoding error in /usr/share/mcConsolette/code/lib/ldap_basic.php on line 101
[27-Jun-2025 19:31:17 UTC] PHP Warning:  Trying to access array offset on value of type bool in /usr/share/mcConsolette/code/lib/ldap_basic.php on line 102
[27-Jun-2025 19:31:17 UTC] PHP Warning:  ldap_get_values(): Cannot get the value(s) of attribute Decoding error in /usr/share/mcConsolette/code/lib/ldap_basic.php on line 101
[27-Jun-2025 19:31:17 UTC] PHP Warning:  Trying to access array offset on value of type bool in /usr/share/mcConsolette/code/lib/ldap_basic.php on line 102
[27-Jun-2025 19:31:17 UTC] PHP Warning:  ldap_get_values(): Cannot get the value(s) of attribute Decoding error in /usr/share/mcConsolette/code/lib/ldap_basic.php on line 101
[27-Jun-2025 19:31:17 UTC] PHP Warning:  Trying to access array offset on value of type bool in /usr/share/mcConsolette/code/lib/ldap_basic.php on line 102
[27-Jun-2025 19:31:17 UTC] PHP Warning:  ldap_get_values(): Cannot get the value(s) of attribute Decoding error in /usr/share/mcConsolette/code/lib/ldap_basic.php on line 101
[27-Jun-2025 19:31:17 UTC] PHP Warning:  Trying to access array offset on value of type bool in /usr/share/mcConsolette/code/lib/ldap_basic.php on line 102
[27-Jun-2025 19:31:17 UTC] PHP Warning:  ldap_get_values(): Cannot get the value(s) of attribute Decoding error in /usr/share/mcConsolette/code/lib/ldap_basic.php on line 101
[27-Jun-2025 19:31:17 UTC] PHP Warning:  Trying to access array offset on value of type bool in /usr/share/mcConsolette/code/lib/ldap_basic.php on line 102
[27-Jun-2025 19:31:17 UTC] PHP Warning:  ldap_get_values(): Cannot get the value(s) of attribute Decoding error in /usr/share/mcConsolette/code/lib/ldap_basic.php on line 101
[27-Jun-2025 19:31:17 UTC] PHP Warning:  Trying to access array offset on value of type bool in /usr/share/mcConsolette/code/lib/ldap_basic.php on line 102
[27-Jun-2025 19:31:17 UTC] PHP Warning:  ldap_get_values(): Cannot get the value(s) of attribute Decoding error in /usr/share/mcConsolette/code/lib/ldap_basic.php on line 101
[27-Jun-2025 19:31:17 UTC] PHP Warning:  Trying to access array offset on value of type bool in /usr/share/mcConsolette/code/lib/ldap_basic.php on line 102
[27-Jun-2025 19:31:17 UTC] PHP Warning:  ldap_get_values(): Cannot get the value(s) of attribute Decoding error in /usr/share/mcConsolette/code/lib/ldap_basic.php on line 101
[27-Jun-2025 19:31:17 UTC] PHP Warning:  Trying to access array offset on value of type bool in /usr/share/mcConsolette/code/lib/ldap_basic.php on line 102
[27-Jun-2025 19:31:17 UTC] PHP Warning:  ldap_get_values(): Cannot get the value(s) of attribute Decoding error in /usr/share/mcConsolette/code/lib/ldap_basic.php on line 101
[27-Jun-2025 19:31:17 UTC] PHP Warning:  Trying to access array offset on value of type bool in /usr/share/mcConsolette/code/lib/ldap_basic.php on line 102
[27-Jun-2025 19:31:17 UTC] PHP Warning:  ldap_get_values(): Cannot get the value(s) of attribute Decoding error in /usr/share/mcConsolette/code/lib/ldap_basic.php on line 101
[27-Jun-2025 19:31:17 UTC] PHP Warning:  Trying to access array offset on value of type bool in /usr/share/mcConsolette/code/lib/ldap_basic.php on line 102
[27-Jun-2025 19:31:17 UTC] PHP Warning:  ldap_get_values(): Cannot get the value(s) of attribute Decoding error in /usr/share/mcConsolette/code/lib/ldap_basic.php on line 101
[27-Jun-2025 19:31:17 UTC] PHP Warning:  Trying to access array offset on value of type bool in /usr/share/mcConsolette/code/lib/ldap_basic.php on line 102
[27-Jun-2025 19:31:18 UTC] PHP Warning:  ldap_get_values(): Cannot get the value(s) of attribute Decoding error in /usr/share/mcConsolette/code/lib/ldap_basic.php on line 101
[27-Jun-2025 19:31:18 UTC] PHP Warning:  Trying to access array offset on value of type bool in /usr/share/mcConsolette/code/lib/ldap_basic.php on line 102
[27-Jun-2025 19:31:18 UTC] PHP Warning:  ldap_get_values(): Cannot get the value(s) of attribute Decoding error in /usr/share/mcConsolette/code/lib/ldap_basic.php on line 101
[27-Jun-2025 19:31:18 UTC] PHP Warning:  Trying to access array offset on value of type bool in /usr/share/mcConsolette/code/lib/ldap_basic.php on line 102
[27-Jun-2025 19:31:18 UTC] PHP Warning:  ldap_get_values(): Cannot get the value(s) of attribute Decoding error in /usr/share/mcConsolette/code/lib/ldap_basic.php on line 101
[27-Jun-2025 19:31:18 UTC] PHP Warning:  Trying to access array offset on value of type bool in /usr/share/mcConsolette/code/lib/ldap_basic.php on line 102
[27-Jun-2025 19:31:18 UTC] PHP Warning:  ldap_get_values(): Cannot get the value(s) of attribute Decoding error in /usr/share/mcConsolette/code/lib/ldap_basic.php on line 101
[27-Jun-2025 19:31:18 UTC] PHP Warning:  Trying to access array offset on value of type bool in /usr/share/mcConsolette/code/lib/ldap_basic.php on line 102
[27-Jun-2025 19:31:18 UTC] PHP Warning:  ldap_get_values(): Cannot get the value(s) of attribute Decoding error in /usr/share/mcConsolette/code/lib/ldap_basic.php on line 101
[27-Jun-2025 19:31:18 UTC] PHP Warning:  Trying to access array offset on value of type bool in /usr/share/mcConsolette/code/lib/ldap_basic.php on line 102
[27-Jun-2025 19:31:18 UTC] PHP Warning:  ldap_get_values(): Cannot get the value(s) of attribute Decoding error in /usr/share/mcConsolette/code/lib/ldap_basic.php on line 101
[27-Jun-2025 19:31:18 UTC] PHP Warning:  Trying to access array offset on value of type bool in /usr/share/mcConsolette/code/lib/ldap_basic.php on line 102
[27-Jun-2025 19:31:18 UTC] PHP Warning:  ldap_get_values(): Cannot get the value(s) of attribute Decoding error in /usr/share/mcConsolette/code/lib/ldap_basic.php on line 101
[27-Jun-2025 19:31:18 UTC] PHP Warning:  Trying to access array offset on value of type bool in /usr/share/mcConsolette/code/lib/ldap_basic.php on line 102
[27-Jun-2025 19:31:18 UTC] PHP Warning:  ldap_get_values(): Cannot get the value(s) of attribute Decoding error in /usr/share/mcConsolette/code/lib/ldap_basic.php on line 101
[27-Jun-2025 19:31:18 UTC] PHP Warning:  Trying to access array offset on value of type bool in /usr/share/mcConsolette/code/lib/ldap_basic.php on line 102
[27-Jun-2025 19:31:18 UTC] PHP Warning:  ldap_get_values(): Cannot get the value(s) of attribute Decoding error in /usr/share/mcConsolette/code/lib/ldap_basic.php on line 101
[27-Jun-2025 19:31:18 UTC] PHP Warning:  Trying to access array offset on value of type bool in /usr/share/mcConsolette/code/lib/ldap_basic.php on line 102
[27-Jun-2025 19:31:18 UTC] PHP Warning:  ldap_get_values(): Cannot get the value(s) of attribute Decoding error in /usr/share/mcConsolette/code/lib/ldap_basic.php on line 101
[27-Jun-2025 19:31:18 UTC] PHP Warning:  Trying to access array offset on value of type bool in /usr/share/mcConsolette/code/lib/ldap_basic.php on line 102
[27-Jun-2025 19:31:18 UTC] PHP Warning:  ldap_get_values(): Cannot get the value(s) of attribute Decoding error in /usr/share/mcConsolette/code/lib/ldap_basic.php on line 101
[27-Jun-2025 19:31:18 UTC] PHP Warning:  Trying to access array offset on value of type bool in /usr/share/mcConsolette/code/lib/ldap_basic.php on line 102
[27-Jun-2025 19:31:18 UTC] PHP Warning:  ldap_get_values(): Cannot get the value(s) of attribute Decoding error in /usr/share/mcConsolette/code/lib/ldap_basic.php on line 101
[27-Jun-2025 19:31:18 UTC] PHP Warning:  Trying to access array offset on value of type bool in /usr/share/mcConsolette/code/lib/ldap_basic.php on line 102
[27-Jun-2025 19:31:18 UTC] PHP Warning:  ldap_get_values(): Cannot get the value(s) of attribute Decoding error in /usr/share/mcConsolette/code/lib/ldap_basic.php on line 101
[27-Jun-2025 19:31:18 UTC] PHP Warning:  Trying to access array offset on value of type bool in /usr/share/mcConsolette/code/lib/ldap_basic.php on line 102
[27-Jun-2025 19:31:18 UTC] PHP Warning:  ldap_get_values(): Cannot get the value(s) of attribute Decoding error in /usr/share/mcConsolette/code/lib/ldap_basic.php on line 101
[27-Jun-2025 19:31:18 UTC] PHP Warning:  Trying to access array offset on value of type bool in /usr/share/mcConsolette/code/lib/ldap_basic.php on line 102
[27-Jun-2025 19:31:19 UTC] PHP Warning:  ldap_get_values(): Cannot get the value(s) of attribute Decoding error in /usr/share/mcConsolette/code/lib/ldap_basic.php on line 101
[27-Jun-2025 19:31:19 UTC] PHP Warning:  Trying to access array offset on value of type bool in /usr/share/mcConsolette/code/lib/ldap_basic.php on line 102
[27-Jun-2025 19:31:19 UTC] PHP Warning:  ldap_get_values(): Cannot get the value(s) of attribute Decoding error in /usr/share/mcConsolette/code/lib/ldap_basic.php on line 101
[27-Jun-2025 19:31:19 UTC] PHP Warning:  Trying to access array offset on value of type bool in /usr/share/mcConsolette/code/lib/ldap_basic.php on line 102
[27-Jun-2025 19:31:19 UTC] PHP Warning:  ldap_get_values(): Cannot get the value(s) of attribute Decoding error in /usr/share/mcConsolette/code/lib/ldap_basic.php on line 101
[27-Jun-2025 19:31:19 UTC] PHP Warning:  Trying to access array offset on value of type bool in /usr/share/mcConsolette/code/lib/ldap_basic.php on line 102
[27-Jun-2025 19:31:19 UTC] PHP Warning:  ldap_get_values(): Cannot get the value(s) of attribute Decoding error in /usr/share/mcConsolette/code/lib/ldap_basic.php on line 101
[27-Jun-2025 19:31:19 UTC] PHP Warning:  Trying to access array offset on value of type bool in /usr/share/mcConsolette/code/lib/ldap_basic.php on line 102
[27-Jun-2025 19:31:19 UTC] PHP Warning:  ldap_get_values(): Cannot get the value(s) of attribute Decoding error in /usr/share/mcConsolette/code/lib/ldap_basic.php on line 101
[27-Jun-2025 19:31:19 UTC] PHP Warning:  Trying to access array offset on value of type bool in /usr/share/mcConsolette/code/lib/ldap_basic.php on line 102
[27-Jun-2025 19:31:19 UTC] PHP Warning:  ldap_get_values(): Cannot get the value(s) of attribute Decoding error in /usr/share/mcConsolette/code/lib/ldap_basic.php on line 101
[27-Jun-2025 19:31:19 UTC] PHP Warning:  Trying to access array offset on value of type bool in /usr/share/mcConsolette/code/lib/ldap_basic.php on line 102
[27-Jun-2025 19:31:19 UTC] PHP Warning:  ldap_get_values(): Cannot get the value(s) of attribute Decoding error in /usr/share/mcConsolette/code/lib/ldap_basic.php on line 101
[27-Jun-2025 19:31:19 UTC] PHP Warning:  Trying to access array offset on value of type bool in /usr/share/mcConsolette/code/lib/ldap_basic.php on line 102
[27-Jun-2025 19:31:19 UTC] PHP Warning:  ldap_get_values(): Cannot get the value(s) of attribute Decoding error in /usr/share/mcConsolette/code/lib/ldap_basic.php on line 101
[27-Jun-2025 19:31:19 UTC] PHP Warning:  Trying to access array offset on value of type bool in /usr/share/mcConsolette/code/lib/ldap_basic.php on line 102
[27-Jun-2025 19:31:19 UTC] PHP Warning:  ldap_get_values(): Cannot get the value(s) of attribute Decoding error in /usr/share/mcConsolette/code/lib/ldap_basic.php on line 101
[27-Jun-2025 19:31:19 UTC] PHP Warning:  Trying to access array offset on value of type bool in /usr/share/mcConsolette/code/lib/ldap_basic.php on line 102
[27-Jun-2025 19:31:19 UTC] PHP Warning:  ldap_get_values(): Cannot get the value(s) of attribute Decoding error in /usr/share/mcConsolette/code/lib/ldap_basic.php on line 101
[27-Jun-2025 19:31:19 UTC] PHP Warning:  Trying to access array offset on value of type bool in /usr/share/mcConsolette/code/lib/ldap_basic.php on line 102
[27-Jun-2025 19:31:19 UTC] PHP Warning:  ldap_get_values(): Cannot get the value(s) of attribute Decoding error in /usr/share/mcConsolette/code/lib/ldap_basic.php on line 101
[27-Jun-2025 19:31:19 UTC] PHP Warning:  Trying to access array offset on value of type bool in /usr/share/mcConsolette/code/lib/ldap_basic.php on line 102
[27-Jun-2025 19:31:19 UTC] PHP Warning:  ldap_get_values(): Cannot get the value(s) of attribute Decoding error in /usr/share/mcConsolette/code/lib/ldap_basic.php on line 101
[27-Jun-2025 19:31:19 UTC] PHP Warning:  Trying to access array offset on value of type bool in /usr/share/mcConsolette/code/lib/ldap_basic.php on line 102
[27-Jun-2025 19:31:20 UTC] PHP Warning:  ldap_get_values(): Cannot get the value(s) of attribute Decoding error in /usr/share/mcConsolette/code/lib/ldap_basic.php on line 101
[27-Jun-2025 19:31:20 UTC] PHP Warning:  Trying to access array offset on value of type bool in /usr/share/mcConsolette/code/lib/ldap_basic.php on line 102
[27-Jun-2025 19:31:20 UTC] PHP Warning:  ldap_get_values(): Cannot get the value(s) of attribute Decoding error in /usr/share/mcConsolette/code/lib/ldap_basic.php on line 101
[27-Jun-2025 19:31:20 UTC] PHP Warning:  Trying to access array offset on value of type bool in /usr/share/mcConsolette/code/lib/ldap_basic.php on line 102
[27-Jun-2025 19:31:20 UTC] PHP Warning:  ldap_get_values(): Cannot get the value(s) of attribute Decoding error in /usr/share/mcConsolette/code/lib/ldap_basic.php on line 101
[27-Jun-2025 19:31:20 UTC] PHP Warning:  Trying to access array offset on value of type bool in /usr/share/mcConsolette/code/lib/ldap_basic.php on line 102
[27-Jun-2025 19:31:20 UTC] PHP Warning:  ldap_get_values(): Cannot get the value(s) of attribute Decoding error in /usr/share/mcConsolette/code/lib/ldap_basic.php on line 101
[27-Jun-2025 19:31:20 UTC] PHP Warning:  Trying to access array offset on value of type bool in /usr/share/mcConsolette/code/lib/ldap_basic.php on line 102
[27-Jun-2025 19:31:20 UTC] PHP Warning:  ldap_get_values(): Cannot get the value(s) of attribute Decoding error in /usr/share/mcConsolette/code/lib/ldap_basic.php on line 101
[27-Jun-2025 19:31:20 UTC] PHP Warning:  Trying to access array offset on value of type bool in /usr/share/mcConsolette/code/lib/ldap_basic.php on line 102
[27-Jun-2025 19:31:20 UTC] PHP Warning:  ldap_get_values(): Cannot get the value(s) of attribute Decoding error in /usr/share/mcConsolette/code/lib/ldap_basic.php on line 101
[27-Jun-2025 19:31:20 UTC] PHP Warning:  Trying to access array offset on value of type bool in /usr/share/mcConsolette/code/lib/ldap_basic.php on line 102
[27-Jun-2025 19:31:20 UTC] PHP Warning:  ldap_get_values(): Cannot get the value(s) of attribute Decoding error in /usr/share/mcConsolette/code/lib/ldap_basic.php on line 101
[27-Jun-2025 19:31:20 UTC] PHP Warning:  Trying to access array offset on value of type bool in /usr/share/mcConsolette/code/lib/ldap_basic.php on line 102
[27-Jun-2025 19:31:20 UTC] PHP Warning:  ldap_get_values(): Cannot get the value(s) of attribute Decoding error in /usr/share/mcConsolette/code/lib/ldap_basic.php on line 101
[27-Jun-2025 19:31:20 UTC] PHP Warning:  Trying to access array offset on value of type bool in /usr/share/mcConsolette/code/lib/ldap_basic.php on line 102
[27-Jun-2025 19:31:20 UTC] PHP Warning:  ldap_get_values(): Cannot get the value(s) of attribute Decoding error in /usr/share/mcConsolette/code/lib/ldap_basic.php on line 101
[27-Jun-2025 19:31:20 UTC] PHP Warning:  Trying to access array offset on value of type bool in /usr/share/mcConsolette/code/lib/ldap_basic.php on line 102
[27-Jun-2025 19:31:20 UTC] PHP Warning:  ldap_get_values(): Cannot get the value(s) of attribute Decoding error in /usr/share/mcConsolette/code/lib/ldap_basic.php on line 101
[27-Jun-2025 19:31:20 UTC] PHP Warning:  Trying to access array offset on value of type bool in /usr/share/mcConsolette/code/lib/ldap_basic.php on line 102
[27-Jun-2025 19:31:20 UTC] PHP Warning:  ldap_get_values(): Cannot get the value(s) of attribute Decoding error in /usr/share/mcConsolette/code/lib/ldap_basic.php on line 101
[27-Jun-2025 19:31:20 UTC] PHP Warning:  Trying to access array offset on value of type bool in /usr/share/mcConsolette/code/lib/ldap_basic.php on line 102
[27-Jun-2025 19:31:20 UTC] PHP Warning:  ldap_get_values(): Cannot get the value(s) of attribute Decoding error in /usr/share/mcConsolette/code/lib/ldap_basic.php on line 101
[27-Jun-2025 19:31:20 UTC] PHP Warning:  Trying to access array offset on value of type bool in /usr/share/mcConsolette/code/lib/ldap_basic.php on line 102
[27-Jun-2025 19:31:20 UTC] PHP Warning:  ldap_get_values(): Cannot get the value(s) of attribute Decoding error in /usr/share/mcConsolette/code/lib/ldap_basic.php on line 101
[27-Jun-2025 19:31:20 UTC] PHP Warning:  Trying to access array offset on value of type bool in /usr/share/mcConsolette/code/lib/ldap_basic.php on line 102
[27-Jun-2025 19:31:20 UTC] PHP Warning:  ldap_get_values(): Cannot get the value(s) of attribute Decoding error in /usr/share/mcConsolette/code/lib/ldap_basic.php on line 101
[27-Jun-2025 19:31:20 UTC] PHP Warning:  Trying to access array offset on value of type bool in /usr/share/mcConsolette/code/lib/ldap_basic.php on line 102
[27-Jun-2025 19:31:20 UTC] PHP Warning:  ldap_get_values(): Cannot get the value(s) of attribute Decoding error in /usr/share/mcConsolette/code/lib/ldap_basic.php on line 101
[27-Jun-2025 19:31:20 UTC] PHP Warning:  Trying to access array offset on value of type bool in /usr/share/mcConsolette/code/lib/ldap_basic.php on line 102
[27-Jun-2025 19:31:20 UTC] PHP Warning:  ldap_get_values(): Cannot get the value(s) of attribute Decoding error in /usr/share/mcConsolette/code/lib/ldap_basic.php on line 101
[27-Jun-2025 19:31:20 UTC] PHP Warning:  Trying to access array offset on value of type bool in /usr/share/mcConsolette/code/lib/ldap_basic.php on line 102
[27-Jun-2025 19:31:20 UTC] PHP Warning:  ldap_get_values(): Cannot get the value(s) of attribute Decoding error in /usr/share/mcConsolette/code/lib/ldap_basic.php on line 101
[27-Jun-2025 19:31:20 UTC] PHP Warning:  Trying to access array offset on value of type bool in /usr/share/mcConsolette/code/lib/ldap_basic.php on line 102
[27-Jun-2025 19:31:20 UTC] PHP Warning:  ldap_get_values(): Cannot get the value(s) of attribute Decoding error in /usr/share/mcConsolette/code/lib/ldap_basic.php on line 101
[27-Jun-2025 19:31:20 UTC] PHP Warning:  Trying to access array offset on value of type bool in /usr/share/mcConsolette/code/lib/ldap_basic.php on line 102
[27-Jun-2025 19:31:20 UTC] PHP Warning:  ldap_get_values(): Cannot get the value(s) of attribute Decoding error in /usr/share/mcConsolette/code/lib/ldap_basic.php on line 101
[27-Jun-2025 19:31:20 UTC] PHP Warning:  Trying to access array offset on value of type bool in /usr/share/mcConsolette/code/lib/ldap_basic.php on line 102
[27-Jun-2025 19:31:20 UTC] PHP Warning:  ldap_get_values(): Cannot get the value(s) of attribute Decoding error in /usr/share/mcConsolette/code/lib/ldap_basic.php on line 101
[27-Jun-2025 19:31:20 UTC] PHP Warning:  Trying to access array offset on value of type bool in /usr/share/mcConsolette/code/lib/ldap_basic.php on line 102
[27-Jun-2025 19:31:21 UTC] PHP Warning:  ldap_get_values(): Cannot get the value(s) of attribute Decoding error in /usr/share/mcConsolette/code/lib/ldap_basic.php on line 101
[27-Jun-2025 19:31:21 UTC] PHP Warning:  Trying to access array offset on value of type bool in /usr/share/mcConsolette/code/lib/ldap_basic.php on line 102
[27-Jun-2025 19:31:21 UTC] PHP Warning:  ldap_get_values(): Cannot get the value(s) of attribute Decoding error in /usr/share/mcConsolette/code/lib/ldap_basic.php on line 101
[27-Jun-2025 19:31:21 UTC] PHP Warning:  Trying to access array offset on value of type bool in /usr/share/mcConsolette/code/lib/ldap_basic.php on line 102
[27-Jun-2025 19:31:21 UTC] PHP Warning:  ldap_get_values(): Cannot get the value(s) of attribute Decoding error in /usr/share/mcConsolette/code/lib/ldap_basic.php on line 101
[27-Jun-2025 19:31:21 UTC] PHP Warning:  Trying to access array offset on value of type bool in /usr/share/mcConsolette/code/lib/ldap_basic.php on line 102
[27-Jun-2025 19:31:21 UTC] PHP Warning:  ldap_get_values(): Cannot get the value(s) of attribute Decoding error in /usr/share/mcConsolette/code/lib/ldap_basic.php on line 101
[27-Jun-2025 19:31:21 UTC] PHP Warning:  Trying to access array offset on value of type bool in /usr/share/mcConsolette/code/lib/ldap_basic.php on line 102
[27-Jun-2025 19:31:21 UTC] PHP Warning:  ldap_get_values(): Cannot get the value(s) of attribute Decoding error in /usr/share/mcConsolette/code/lib/ldap_basic.php on line 101
[27-Jun-2025 19:31:21 UTC] PHP Warning:  Trying to access array offset on value of type bool in /usr/share/mcConsolette/code/lib/ldap_basic.php on line 102
[27-Jun-2025 19:31:21 UTC] PHP Warning:  ldap_get_values(): Cannot get the value(s) of attribute Decoding error in /usr/share/mcConsolette/code/lib/ldap_basic.php on line 101
[27-Jun-2025 19:31:21 UTC] PHP Warning:  Trying to access array offset on value of type bool in /usr/share/mcConsolette/code/lib/ldap_basic.php on line 102
[27-Jun-2025 19:31:21 UTC] PHP Warning:  ldap_get_values(): Cannot get the value(s) of attribute Decoding error in /usr/share/mcConsolette/code/lib/ldap_basic.php on line 101
[27-Jun-2025 19:31:21 UTC] PHP Warning:  Trying to access array offset on value of type bool in /usr/share/mcConsolette/code/lib/ldap_basic.php on line 102
[27-Jun-2025 19:31:21 UTC] PHP Warning:  ldap_get_values(): Cannot get the value(s) of attribute Decoding error in /usr/share/mcConsolette/code/lib/ldap_basic.php on line 101
[27-Jun-2025 19:31:21 UTC] PHP Warning:  Trying to access array offset on value of type bool in /usr/share/mcConsolette/code/lib/ldap_basic.php on line 102
[27-Jun-2025 19:31:21 UTC] PHP Warning:  ldap_get_values(): Cannot get the value(s) of attribute Decoding error in /usr/share/mcConsolette/code/lib/ldap_basic.php on line 101
[27-Jun-2025 19:31:21 UTC] PHP Warning:  Trying to access array offset on value of type bool in /usr/share/mcConsolette/code/lib/ldap_basic.php on line 102
[27-Jun-2025 19:31:21 UTC] PHP Warning:  ldap_get_values(): Cannot get the value(s) of attribute Decoding error in /usr/share/mcConsolette/code/lib/ldap_basic.php on line 101
[27-Jun-2025 19:31:21 UTC] PHP Warning:  Trying to access array offset on value of type bool in /usr/share/mcConsolette/code/lib/ldap_basic.php on line 102
[27-Jun-2025 19:31:21 UTC] PHP Warning:  ldap_get_values(): Cannot get the value(s) of attribute Decoding error in /usr/share/mcConsolette/code/lib/ldap_basic.php on line 101
[27-Jun-2025 19:31:21 UTC] PHP Warning:  Trying to access array offset on value of type bool in /usr/share/mcConsolette/code/lib/ldap_basic.php on line 102
[27-Jun-2025 19:31:21 UTC] PHP Warning:  ldap_get_values(): Cannot get the value(s) of attribute Decoding error in /usr/share/mcConsolette/code/lib/ldap_basic.php on line 101
[27-Jun-2025 19:31:21 UTC] PHP Warning:  Trying to access array offset on value of type bool in /usr/share/mcConsolette/code/lib/ldap_basic.php on line 102
[27-Jun-2025 19:31:21 UTC] PHP Warning:  ldap_get_values(): Cannot get the value(s) of attribute Decoding error in /usr/share/mcConsolette/code/lib/ldap_basic.php on line 101
[27-Jun-2025 19:31:21 UTC] PHP Warning:  Trying to access array offset on value of type bool in /usr/share/mcConsolette/code/lib/ldap_basic.php on line 102
[27-Jun-2025 19:31:21 UTC] PHP Warning:  ldap_get_values(): Cannot get the value(s) of attribute Decoding error in /usr/share/mcConsolette/code/lib/ldap_basic.php on line 101
[27-Jun-2025 19:31:21 UTC] PHP Warning:  Trying to access array offset on value of type bool in /usr/share/mcConsolette/code/lib/ldap_basic.php on line 102
[27-Jun-2025 19:31:21 UTC] PHP Warning:  ldap_get_values(): Cannot get the value(s) of attribute Decoding error in /usr/share/mcConsolette/code/lib/ldap_basic.php on line 101
[27-Jun-2025 19:31:21 UTC] PHP Warning:  Trying to access array offset on value of type bool in /usr/share/mcConsolette/code/lib/ldap_basic.php on line 102
[27-Jun-2025 19:31:21 UTC] PHP Warning:  ldap_get_values(): Cannot get the value(s) of attribute Decoding error in /usr/share/mcConsolette/code/lib/ldap_basic.php on line 101
[27-Jun-2025 19:31:21 UTC] PHP Warning:  Trying to access array offset on value of type bool in /usr/share/mcConsolette/code/lib/ldap_basic.php on line 102
[27-Jun-2025 19:31:22 UTC] PHP Warning:  ldap_get_values(): Cannot get the value(s) of attribute Decoding error in /usr/share/mcConsolette/code/lib/ldap_basic.php on line 101
[27-Jun-2025 19:31:22 UTC] PHP Warning:  Trying to access array offset on value of type bool in /usr/share/mcConsolette/code/lib/ldap_basic.php on line 102
[27-Jun-2025 19:31:22 UTC] PHP Warning:  ldap_get_values(): Cannot get the value(s) of attribute Decoding error in /usr/share/mcConsolette/code/lib/ldap_basic.php on line 101
[27-Jun-2025 19:31:22 UTC] PHP Warning:  Trying to access array offset on value of type bool in /usr/share/mcConsolette/code/lib/ldap_basic.php on line 102
[27-Jun-2025 19:31:22 UTC] PHP Warning:  ldap_get_values(): Cannot get the value(s) of attribute Decoding error in /usr/share/mcConsolette/code/lib/ldap_basic.php on line 101
[27-Jun-2025 19:31:22 UTC] PHP Warning:  Trying to access array offset on value of type bool in /usr/share/mcConsolette/code/lib/ldap_basic.php on line 102
[27-Jun-2025 19:31:22 UTC] PHP Warning:  ldap_get_values(): Cannot get the value(s) of attribute Decoding error in /usr/share/mcConsolette/code/lib/ldap_basic.php on line 101
[27-Jun-2025 19:31:22 UTC] PHP Warning:  Trying to access array offset on value of type bool in /usr/share/mcConsolette/code/lib/ldap_basic.php on line 102
[27-Jun-2025 19:31:22 UTC] PHP Warning:  ldap_get_values(): Cannot get the value(s) of attribute Decoding error in /usr/share/mcConsolette/code/lib/ldap_basic.php on line 101
[27-Jun-2025 19:31:22 UTC] PHP Warning:  Trying to access array offset on value of type bool in /usr/share/mcConsolette/code/lib/ldap_basic.php on line 102
[27-Jun-2025 19:31:22 UTC] PHP Warning:  ldap_get_values(): Cannot get the value(s) of attribute Decoding error in /usr/share/mcConsolette/code/lib/ldap_basic.php on line 101
[27-Jun-2025 19:31:22 UTC] PHP Warning:  Trying to access array offset on value of type bool in /usr/share/mcConsolette/code/lib/ldap_basic.php on line 102
[27-Jun-2025 19:31:22 UTC] PHP Warning:  ldap_get_values(): Cannot get the value(s) of attribute Decoding error in /usr/share/mcConsolette/code/lib/ldap_basic.php on line 101
[27-Jun-2025 19:31:22 UTC] PHP Warning:  Trying to access array offset on value of type bool in /usr/share/mcConsolette/code/lib/ldap_basic.php on line 102
[27-Jun-2025 19:31:22 UTC] PHP Warning:  ldap_get_values(): Cannot get the value(s) of attribute Decoding error in /usr/share/mcConsolette/code/lib/ldap_basic.php on line 101
[27-Jun-2025 19:31:22 UTC] PHP Warning:  Trying to access array offset on value of type bool in /usr/share/mcConsolette/code/lib/ldap_basic.php on line 102
[27-Jun-2025 19:31:22 UTC] PHP Warning:  ldap_get_values(): Cannot get the value(s) of attribute Decoding error in /usr/share/mcConsolette/code/lib/ldap_basic.php on line 101
[27-Jun-2025 19:31:22 UTC] PHP Warning:  Trying to access array offset on value of type bool in /usr/share/mcConsolette/code/lib/ldap_basic.php on line 102
[27-Jun-2025 19:31:22 UTC] PHP Warning:  ldap_get_values(): Cannot get the value(s) of attribute Decoding error in /usr/share/mcConsolette/code/lib/ldap_basic.php on line 101
[27-Jun-2025 19:31:22 UTC] PHP Warning:  Trying to access array offset on value of type bool in /usr/share/mcConsolette/code/lib/ldap_basic.php on line 102
[27-Jun-2025 19:31:22 UTC] PHP Warning:  ldap_get_values(): Cannot get the value(s) of attribute Decoding error in /usr/share/mcConsolette/code/lib/ldap_basic.php on line 101
[27-Jun-2025 19:31:22 UTC] PHP Warning:  Trying to access array offset on value of type bool in /usr/share/mcConsolette/code/lib/ldap_basic.php on line 102
[27-Jun-2025 19:31:22 UTC] PHP Warning:  ldap_get_values(): Cannot get the value(s) of attribute Decoding error in /usr/share/mcConsolette/code/lib/ldap_basic.php on line 101
[27-Jun-2025 19:31:22 UTC] PHP Warning:  Trying to access array offset on value of type bool in /usr/share/mcConsolette/code/lib/ldap_basic.php on line 102
[27-Jun-2025 19:31:22 UTC] PHP Warning:  ldap_get_values(): Cannot get the value(s) of attribute Decoding error in /usr/share/mcConsolette/code/lib/ldap_basic.php on line 101
[27-Jun-2025 19:31:22 UTC] PHP Warning:  Trying to access array offset on value of type bool in /usr/share/mcConsolette/code/lib/ldap_basic.php on line 102
[27-Jun-2025 19:31:22 UTC] PHP Warning:  ldap_get_values(): Cannot get the value(s) of attribute Decoding error in /usr/share/mcConsolette/code/lib/ldap_basic.php on line 101
[27-Jun-2025 19:31:22 UTC] PHP Warning:  Trying to access array offset on value of type bool in /usr/share/mcConsolette/code/lib/ldap_basic.php on line 102
[27-Jun-2025 19:31:22 UTC] PHP Warning:  ldap_get_values(): Cannot get the value(s) of attribute Decoding error in /usr/share/mcConsolette/code/lib/ldap_basic.php on line 101
[27-Jun-2025 19:31:22 UTC] PHP Warning:  Trying to access array offset on value of type bool in /usr/share/mcConsolette/code/lib/ldap_basic.php on line 102
[27-Jun-2025 19:31:22 UTC] PHP Warning:  ldap_get_values(): Cannot get the value(s) of attribute Decoding error in /usr/share/mcConsolette/code/lib/ldap_basic.php on line 101
[27-Jun-2025 19:31:22 UTC] PHP Warning:  Trying to access array offset on value of type bool in /usr/share/mcConsolette/code/lib/ldap_basic.php on line 102
[27-Jun-2025 19:31:23 UTC] PHP Warning:  ldap_get_values(): Cannot get the value(s) of attribute Decoding error in /usr/share/mcConsolette/code/lib/ldap_basic.php on line 101
[27-Jun-2025 19:31:23 UTC] PHP Warning:  Trying to access array offset on value of type bool in /usr/share/mcConsolette/code/lib/ldap_basic.php on line 102
[27-Jun-2025 19:31:23 UTC] PHP Warning:  ldap_get_values(): Cannot get the value(s) of attribute Decoding error in /usr/share/mcConsolette/code/lib/ldap_basic.php on line 101
[27-Jun-2025 19:31:23 UTC] PHP Warning:  Trying to access array offset on value of type bool in /usr/share/mcConsolette/code/lib/ldap_basic.php on line 102
[27-Jun-2025 19:33:03 UTC] PHP Warning:  ldap_get_values(): Cannot get the value(s) of attribute Decoding error in /usr/share/mcConsolette/code/lib/ldap_basic.php on line 101
[27-Jun-2025 19:33:03 UTC] PHP Warning:  Trying to access array offset on value of type bool in /usr/share/mcConsolette/code/lib/ldap_basic.php on line 102
[27-Jun-2025 19:33:03 UTC] PHP Warning:  ldap_get_values(): Cannot get the value(s) of attribute Decoding error in /usr/share/mcConsolette/code/lib/ldap_basic.php on line 101
[27-Jun-2025 19:33:03 UTC] PHP Warning:  Trying to access array offset on value of type bool in /usr/share/mcConsolette/code/lib/ldap_basic.php on line 102
[27-Jun-2025 19:34:43 UTC] PHP Warning:  ldap_get_values(): Cannot get the value(s) of attribute Decoding error in /usr/share/mcConsolette/code/lib/ldap_basic.php on line 101
[27-Jun-2025 19:34:43 UTC] PHP Warning:  Trying to access array offset on value of type bool in /usr/share/mcConsolette/code/lib/ldap_basic.php on line 102
[27-Jun-2025 19:34:43 UTC] PHP Warning:  ldap_get_values(): Cannot get the value(s) of attribute Decoding error in /usr/share/mcConsolette/code/lib/ldap_basic.php on line 101
[27-Jun-2025 19:34:43 UTC] PHP Warning:  Trying to access array offset on value of type bool in /usr/share/mcConsolette/code/lib/ldap_basic.php on line 102
[27-Jun-2025 19:36:23 UTC] PHP Warning:  ldap_get_values(): Cannot get the value(s) of attribute Decoding error in /usr/share/mcConsolette/code/lib/ldap_basic.php on line 101
[27-Jun-2025 19:36:23 UTC] PHP Warning:  Trying to access array offset on value of type bool in /usr/share/mcConsolette/code/lib/ldap_basic.php on line 102
[27-Jun-2025 19:36:23 UTC] PHP Warning:  ldap_get_values(): Cannot get the value(s) of attribute Decoding error in /usr/share/mcConsolette/code/lib/ldap_basic.php on line 101
[27-Jun-2025 19:36:23 UTC] PHP Warning:  Trying to access array offset on value of type bool in /usr/share/mcConsolette/code/lib/ldap_basic.php on line 102
[27-Jun-2025 19:37:06 UTC] PHP Warning:  ldap_get_values(): Cannot get the value(s) of attribute Decoding error in /usr/share/mcConsolette/code/lib/ldap_basic.php on line 101
[27-Jun-2025 19:37:06 UTC] PHP Warning:  Trying to access array offset on value of type bool in /usr/share/mcConsolette/code/lib/ldap_basic.php on line 102
[27-Jun-2025 19:37:06 UTC] PHP Warning:  ldap_get_values(): Cannot get the value(s) of attribute Decoding error in /usr/share/mcConsolette/code/lib/ldap_basic.php on line 101
[27-Jun-2025 19:37:06 UTC] PHP Warning:  Trying to access array offset on value of type bool in /usr/share/mcConsolette/code/lib/ldap_basic.php on line 102
[27-Jun-2025 19:38:25 UTC] PHP Warning:  ldap_get_values(): Cannot get the value(s) of attribute Decoding error in /usr/share/mcConsolette/code/lib/ldap_basic.php on line 101
[27-Jun-2025 19:38:25 UTC] PHP Warning:  Trying to access array offset on value of type bool in /usr/share/mcConsolette/code/lib/ldap_basic.php on line 102
[27-Jun-2025 19:38:25 UTC] PHP Warning:  ldap_get_values(): Cannot get the value(s) of attribute Decoding error in /usr/share/mcConsolette/code/lib/ldap_basic.php on line 101
[27-Jun-2025 19:38:25 UTC] PHP Warning:  Trying to access array offset on value of type bool in /usr/share/mcConsolette/code/lib/ldap_basic.php on line 102
[27-Jun-2025 19:39:11 UTC] PHP Warning:  ldap_get_values(): Cannot get the value(s) of attribute Decoding error in /usr/share/mcConsolette/code/lib/ldap_basic.php on line 101
[27-Jun-2025 19:39:11 UTC] PHP Warning:  Trying to access array offset on value of type bool in /usr/share/mcConsolette/code/lib/ldap_basic.php on line 102
[27-Jun-2025 19:39:11 UTC] PHP Warning:  ldap_get_values(): Cannot get the value(s) of attribute Decoding error in /usr/share/mcConsolette/code/lib/ldap_basic.php on line 101
[27-Jun-2025 19:39:11 UTC] PHP Warning:  Trying to access array offset on value of type bool in /usr/share/mcConsolette/code/lib/ldap_basic.php on line 102
[27-Jun-2025 19:52:17 UTC] PHP Warning:  ldap_get_values(): Cannot get the value(s) of attribute Decoding error in /usr/share/mcConsolette/code/lib/ldap_basic.php on line 101
[27-Jun-2025 19:52:17 UTC] PHP Warning:  Trying to access array offset on value of type bool in /usr/share/mcConsolette/code/lib/ldap_basic.php on line 102
[27-Jun-2025 19:52:17 UTC] PHP Warning:  ldap_get_values(): Cannot get the value(s) of attribute Decoding error in /usr/share/mcConsolette/code/lib/ldap_basic.php on line 101
[27-Jun-2025 19:52:17 UTC] PHP Warning:  Trying to access array offset on value of type bool in /usr/share/mcConsolette/code/lib/ldap_basic.php on line 102
[27-Jun-2025 19:52:44 UTC] PHP Warning:  ldap_get_values(): Cannot get the value(s) of attribute Decoding error in /usr/share/mcConsolette/code/lib/ldap_basic.php on line 101
[27-Jun-2025 19:52:44 UTC] PHP Warning:  Trying to access array offset on value of type bool in /usr/share/mcConsolette/code/lib/ldap_basic.php on line 102
[27-Jun-2025 19:52:44 UTC] PHP Warning:  ldap_get_values(): Cannot get the value(s) of attribute Decoding error in /usr/share/mcConsolette/code/lib/ldap_basic.php on line 101
[27-Jun-2025 19:52:44 UTC] PHP Warning:  Trying to access array offset on value of type bool in /usr/share/mcConsolette/code/lib/ldap_basic.php on line 102
[27-Jun-2025 19:54:19 UTC] PHP Warning:  ldap_get_values(): Cannot get the value(s) of attribute Decoding error in /usr/share/mcConsolette/code/lib/ldap_basic.php on line 101
[27-Jun-2025 19:54:19 UTC] PHP Warning:  Trying to access array offset on value of type bool in /usr/share/mcConsolette/code/lib/ldap_basic.php on line 102
[27-Jun-2025 19:54:19 UTC] PHP Warning:  ldap_get_values(): Cannot get the value(s) of attribute Decoding error in /usr/share/mcConsolette/code/lib/ldap_basic.php on line 101
[27-Jun-2025 19:54:19 UTC] PHP Warning:  Trying to access array offset on value of type bool in /usr/share/mcConsolette/code/lib/ldap_basic.php on line 102
[27-Jun-2025 19:54:56 UTC] PHP Warning:  ldap_get_values(): Cannot get the value(s) of attribute Decoding error in /usr/share/mcConsolette/code/lib/ldap_basic.php on line 101
[27-Jun-2025 19:54:56 UTC] PHP Warning:  Trying to access array offset on value of type bool in /usr/share/mcConsolette/code/lib/ldap_basic.php on line 102
[27-Jun-2025 19:54:56 UTC] PHP Warning:  ldap_get_values(): Cannot get the value(s) of attribute Decoding error in /usr/share/mcConsolette/code/lib/ldap_basic.php on line 101
[27-Jun-2025 19:54:56 UTC] PHP Warning:  Trying to access array offset on value of type bool in /usr/share/mcConsolette/code/lib/ldap_basic.php on line 102
[27-Jun-2025 19:55:29 UTC] PHP Warning:  ldap_get_values(): Cannot get the value(s) of attribute Decoding error in /usr/share/mcConsolette/code/lib/ldap_basic.php on line 101
[27-Jun-2025 19:55:29 UTC] PHP Warning:  Trying to access array offset on value of type bool in /usr/share/mcConsolette/code/lib/ldap_basic.php on line 102
[27-Jun-2025 19:55:29 UTC] PHP Warning:  ldap_get_values(): Cannot get the value(s) of attribute Decoding error in /usr/share/mcConsolette/code/lib/ldap_basic.php on line 101
[27-Jun-2025 19:55:29 UTC] PHP Warning:  Trying to access array offset on value of type bool in /usr/share/mcConsolette/code/lib/ldap_basic.php on line 102
[27-Jun-2025 19:56:22 UTC] PHP Warning:  ldap_get_values(): Cannot get the value(s) of attribute Decoding error in /usr/share/mcConsolette/code/lib/ldap_basic.php on line 101
[27-Jun-2025 19:56:22 UTC] PHP Warning:  Trying to access array offset on value of type bool in /usr/share/mcConsolette/code/lib/ldap_basic.php on line 102
[27-Jun-2025 19:56:22 UTC] PHP Warning:  ldap_get_values(): Cannot get the value(s) of attribute Decoding error in /usr/share/mcConsolette/code/lib/ldap_basic.php on line 101
[27-Jun-2025 19:56:22 UTC] PHP Warning:  Trying to access array offset on value of type bool in /usr/share/mcConsolette/code/lib/ldap_basic.php on line 102
[27-Jun-2025 19:56:24 UTC] PHP Warning:  Undefined array key "mail" in /usr/share/mcConsolette/code/modules/users/user.php on line 9
[27-Jun-2025 19:56:24 UTC] PHP Warning:  foreach() argument must be of type array|object, null given in /usr/share/mcConsolette/code/modules/users/user.php on line 9
[27-Jun-2025 19:57:05 UTC] PHP Warning:  Undefined array key "mail" in /usr/share/mcConsolette/code/modules/users/user.php on line 9
[27-Jun-2025 19:57:05 UTC] PHP Warning:  foreach() argument must be of type array|object, null given in /usr/share/mcConsolette/code/modules/users/user.php on line 9
[27-Jun-2025 19:57:16 UTC] PHP Warning:  ldap_get_values(): Cannot get the value(s) of attribute Decoding error in /usr/share/mcConsolette/code/lib/ldap_basic.php on line 101
[27-Jun-2025 19:57:16 UTC] PHP Warning:  Trying to access array offset on value of type bool in /usr/share/mcConsolette/code/lib/ldap_basic.php on line 102
[27-Jun-2025 19:57:16 UTC] PHP Warning:  ldap_get_values(): Cannot get the value(s) of attribute Decoding error in /usr/share/mcConsolette/code/lib/ldap_basic.php on line 101
[27-Jun-2025 19:57:16 UTC] PHP Warning:  Trying to access array offset on value of type bool in /usr/share/mcConsolette/code/lib/ldap_basic.php on line 102
[27-Jun-2025 19:58:33 UTC] PHP Warning:  ldap_get_values(): Cannot get the value(s) of attribute Decoding error in /usr/share/mcConsolette/code/lib/ldap_basic.php on line 101
[27-Jun-2025 19:58:33 UTC] PHP Warning:  Trying to access array offset on value of type bool in /usr/share/mcConsolette/code/lib/ldap_basic.php on line 102
[27-Jun-2025 19:58:33 UTC] PHP Warning:  ldap_get_values(): Cannot get the value(s) of attribute Decoding error in /usr/share/mcConsolette/code/lib/ldap_basic.php on line 101
[27-Jun-2025 19:58:33 UTC] PHP Warning:  Trying to access array offset on value of type bool in /usr/share/mcConsolette/code/lib/ldap_basic.php on line 102
[27-Jun-2025 19:58:37 UTC] PHP Warning:  Undefined array key "mail" in /usr/share/mcConsolette/code/modules/users/user.php on line 9
[27-Jun-2025 19:58:37 UTC] PHP Warning:  foreach() argument must be of type array|object, null given in /usr/share/mcConsolette/code/modules/users/user.php on line 9
[27-Jun-2025 19:58:38 UTC] PHP Warning:  ldap_get_values(): Cannot get the value(s) of attribute Decoding error in /usr/share/mcConsolette/code/lib/ldap_basic.php on line 101
[27-Jun-2025 19:58:38 UTC] PHP Warning:  Trying to access array offset on value of type bool in /usr/share/mcConsolette/code/lib/ldap_basic.php on line 102
[27-Jun-2025 19:58:38 UTC] PHP Warning:  ldap_get_values(): Cannot get the value(s) of attribute Decoding error in /usr/share/mcConsolette/code/lib/ldap_basic.php on line 101
[27-Jun-2025 19:58:38 UTC] PHP Warning:  Trying to access array offset on value of type bool in /usr/share/mcConsolette/code/lib/ldap_basic.php on line 102
[27-Jun-2025 19:58:43 UTC] PHP Warning:  Undefined array key "mail" in /usr/share/mcConsolette/code/modules/users/user.php on line 9
[27-Jun-2025 19:58:43 UTC] PHP Warning:  foreach() argument must be of type array|object, null given in /usr/share/mcConsolette/code/modules/users/user.php on line 9
[27-Jun-2025 19:58:44 UTC] PHP Warning:  ldap_get_values(): Cannot get the value(s) of attribute Decoding error in /usr/share/mcConsolette/code/lib/ldap_basic.php on line 101
[27-Jun-2025 19:58:44 UTC] PHP Warning:  Trying to access array offset on value of type bool in /usr/share/mcConsolette/code/lib/ldap_basic.php on line 102
[27-Jun-2025 19:58:44 UTC] PHP Warning:  ldap_get_values(): Cannot get the value(s) of attribute Decoding error in /usr/share/mcConsolette/code/lib/ldap_basic.php on line 101
[27-Jun-2025 19:58:44 UTC] PHP Warning:  Trying to access array offset on value of type bool in /usr/share/mcConsolette/code/lib/ldap_basic.php on line 102
[27-Jun-2025 19:58:57 UTC] PHP Warning:  ldap_get_values(): Cannot get the value(s) of attribute Decoding error in /usr/share/mcConsolette/code/lib/ldap_basic.php on line 101
[27-Jun-2025 19:58:57 UTC] PHP Warning:  Trying to access array offset on value of type bool in /usr/share/mcConsolette/code/lib/ldap_basic.php on line 102
[27-Jun-2025 19:58:57 UTC] PHP Warning:  ldap_get_values(): Cannot get the value(s) of attribute Decoding error in /usr/share/mcConsolette/code/lib/ldap_basic.php on line 101
[27-Jun-2025 19:58:57 UTC] PHP Warning:  Trying to access array offset on value of type bool in /usr/share/mcConsolette/code/lib/ldap_basic.php on line 102
[27-Jun-2025 19:59:00 UTC] PHP Warning:  Undefined array key "mail" in /usr/share/mcConsolette/code/modules/users/user.php on line 9
[27-Jun-2025 19:59:00 UTC] PHP Warning:  foreach() argument must be of type array|object, null given in /usr/share/mcConsolette/code/modules/users/user.php on line 9
[27-Jun-2025 19:59:00 UTC] PHP Warning:  ldap_get_values(): Cannot get the value(s) of attribute Decoding error in /usr/share/mcConsolette/code/lib/ldap_basic.php on line 101
[27-Jun-2025 19:59:00 UTC] PHP Warning:  Trying to access array offset on value of type bool in /usr/share/mcConsolette/code/lib/ldap_basic.php on line 102
[27-Jun-2025 19:59:00 UTC] PHP Warning:  ldap_get_values(): Cannot get the value(s) of attribute Decoding error in /usr/share/mcConsolette/code/lib/ldap_basic.php on line 101
[27-Jun-2025 19:59:00 UTC] PHP Warning:  Trying to access array offset on value of type bool in /usr/share/mcConsolette/code/lib/ldap_basic.php on line 102
[27-Jun-2025 19:59:03 UTC] PHP Warning:  Undefined array key "mail" in /usr/share/mcConsolette/code/modules/users/user.php on line 9
[27-Jun-2025 19:59:03 UTC] PHP Warning:  foreach() argument must be of type array|object, null given in /usr/share/mcConsolette/code/modules/users/user.php on line 9
[27-Jun-2025 19:59:03 UTC] PHP Warning:  ldap_get_values(): Cannot get the value(s) of attribute Decoding error in /usr/share/mcConsolette/code/lib/ldap_basic.php on line 101
[27-Jun-2025 19:59:03 UTC] PHP Warning:  Trying to access array offset on value of type bool in /usr/share/mcConsolette/code/lib/ldap_basic.php on line 102
[27-Jun-2025 19:59:03 UTC] PHP Warning:  ldap_get_values(): Cannot get the value(s) of attribute Decoding error in /usr/share/mcConsolette/code/lib/ldap_basic.php on line 101
[27-Jun-2025 19:59:03 UTC] PHP Warning:  Trying to access array offset on value of type bool in /usr/share/mcConsolette/code/lib/ldap_basic.php on line 102
[27-Jun-2025 19:59:16 UTC] PHP Warning:  ldap_get_values(): Cannot get the value(s) of attribute Decoding error in /usr/share/mcConsolette/code/lib/ldap_basic.php on line 101
[27-Jun-2025 19:59:16 UTC] PHP Warning:  Trying to access array offset on value of type bool in /usr/share/mcConsolette/code/lib/ldap_basic.php on line 102
[27-Jun-2025 19:59:16 UTC] PHP Warning:  ldap_get_values(): Cannot get the value(s) of attribute Decoding error in /usr/share/mcConsolette/code/lib/ldap_basic.php on line 101
[27-Jun-2025 19:59:16 UTC] PHP Warning:  Trying to access array offset on value of type bool in /usr/share/mcConsolette/code/lib/ldap_basic.php on line 102
[27-Jun-2025 19:59:22 UTC] PHP Warning:  Undefined array key "mail" in /usr/share/mcConsolette/code/modules/users/user.php on line 9
[27-Jun-2025 19:59:22 UTC] PHP Warning:  foreach() argument must be of type array|object, null given in /usr/share/mcConsolette/code/modules/users/user.php on line 9
[27-Jun-2025 19:59:22 UTC] PHP Warning:  ldap_get_values(): Cannot get the value(s) of attribute Decoding error in /usr/share/mcConsolette/code/lib/ldap_basic.php on line 101
[27-Jun-2025 19:59:22 UTC] PHP Warning:  Trying to access array offset on value of type bool in /usr/share/mcConsolette/code/lib/ldap_basic.php on line 102
[27-Jun-2025 19:59:22 UTC] PHP Warning:  ldap_get_values(): Cannot get the value(s) of attribute Decoding error in /usr/share/mcConsolette/code/lib/ldap_basic.php on line 101
[27-Jun-2025 19:59:22 UTC] PHP Warning:  Trying to access array offset on value of type bool in /usr/share/mcConsolette/code/lib/ldap_basic.php on line 102
[27-Jun-2025 19:59:25 UTC] PHP Warning:  ldap_get_values(): Cannot get the value(s) of attribute Decoding error in /usr/share/mcConsolette/code/lib/ldap_basic.php on line 101
[27-Jun-2025 19:59:25 UTC] PHP Warning:  Trying to access array offset on value of type bool in /usr/share/mcConsolette/code/lib/ldap_basic.php on line 102
[27-Jun-2025 19:59:25 UTC] PHP Warning:  ldap_get_values(): Cannot get the value(s) of attribute Decoding error in /usr/share/mcConsolette/code/lib/ldap_basic.php on line 101
[27-Jun-2025 19:59:25 UTC] PHP Warning:  Trying to access array offset on value of type bool in /usr/share/mcConsolette/code/lib/ldap_basic.php on line 102
[27-Jun-2025 19:59:29 UTC] PHP Warning:  ldap_get_values(): Cannot get the value(s) of attribute Decoding error in /usr/share/mcConsolette/code/lib/ldap_basic.php on line 101
[27-Jun-2025 19:59:29 UTC] PHP Warning:  Trying to access array offset on value of type bool in /usr/share/mcConsolette/code/lib/ldap_basic.php on line 102
[27-Jun-2025 19:59:29 UTC] PHP Warning:  ldap_get_values(): Cannot get the value(s) of attribute Decoding error in /usr/share/mcConsolette/code/lib/ldap_basic.php on line 101
[27-Jun-2025 19:59:29 UTC] PHP Warning:  Trying to access array offset on value of type bool in /usr/share/mcConsolette/code/lib/ldap_basic.php on line 102
[27-Jun-2025 19:59:38 UTC] PHP Warning:  ldap_get_values(): Cannot get the value(s) of attribute Decoding error in /usr/share/mcConsolette/code/lib/ldap_basic.php on line 101
[27-Jun-2025 19:59:38 UTC] PHP Warning:  Trying to access array offset on value of type bool in /usr/share/mcConsolette/code/lib/ldap_basic.php on line 102
[27-Jun-2025 19:59:38 UTC] PHP Warning:  ldap_get_values(): Cannot get the value(s) of attribute Decoding error in /usr/share/mcConsolette/code/lib/ldap_basic.php on line 101
[27-Jun-2025 19:59:38 UTC] PHP Warning:  Trying to access array offset on value of type bool in /usr/share/mcConsolette/code/lib/ldap_basic.php on line 102
[27-Jun-2025 19:59:42 UTC] PHP Warning:  Undefined array key "mail" in /usr/share/mcConsolette/code/modules/users/user.php on line 9
[27-Jun-2025 19:59:42 UTC] PHP Warning:  foreach() argument must be of type array|object, null given in /usr/share/mcConsolette/code/modules/users/user.php on line 9
[27-Jun-2025 19:59:42 UTC] PHP Warning:  ldap_get_values(): Cannot get the value(s) of attribute Decoding error in /usr/share/mcConsolette/code/lib/ldap_basic.php on line 101
[27-Jun-2025 19:59:42 UTC] PHP Warning:  Trying to access array offset on value of type bool in /usr/share/mcConsolette/code/lib/ldap_basic.php on line 102
[27-Jun-2025 19:59:42 UTC] PHP Warning:  ldap_get_values(): Cannot get the value(s) of attribute Decoding error in /usr/share/mcConsolette/code/lib/ldap_basic.php on line 101
[27-Jun-2025 19:59:42 UTC] PHP Warning:  Trying to access array offset on value of type bool in /usr/share/mcConsolette/code/lib/ldap_basic.php on line 102
[27-Jun-2025 19:59:44 UTC] PHP Warning:  ldap_get_values(): Cannot get the value(s) of attribute Decoding error in /usr/share/mcConsolette/code/lib/ldap_basic.php on line 101
[27-Jun-2025 19:59:44 UTC] PHP Warning:  Trying to access array offset on value of type bool in /usr/share/mcConsolette/code/lib/ldap_basic.php on line 102
[27-Jun-2025 19:59:44 UTC] PHP Warning:  ldap_get_values(): Cannot get the value(s) of attribute Decoding error in /usr/share/mcConsolette/code/lib/ldap_basic.php on line 101
[27-Jun-2025 19:59:44 UTC] PHP Warning:  Trying to access array offset on value of type bool in /usr/share/mcConsolette/code/lib/ldap_basic.php on line 102
[27-Jun-2025 19:59:51 UTC] PHP Warning:  ldap_get_values(): Cannot get the value(s) of attribute Decoding error in /usr/share/mcConsolette/code/lib/ldap_basic.php on line 101
[27-Jun-2025 19:59:51 UTC] PHP Warning:  Trying to access array offset on value of type bool in /usr/share/mcConsolette/code/lib/ldap_basic.php on line 102
[27-Jun-2025 19:59:51 UTC] PHP Warning:  ldap_get_values(): Cannot get the value(s) of attribute Decoding error in /usr/share/mcConsolette/code/lib/ldap_basic.php on line 101
[27-Jun-2025 19:59:51 UTC] PHP Warning:  Trying to access array offset on value of type bool in /usr/share/mcConsolette/code/lib/ldap_basic.php on line 102
[27-Jun-2025 19:59:54 UTC] PHP Warning:  ldap_get_values(): Cannot get the value(s) of attribute Decoding error in /usr/share/mcConsolette/code/lib/ldap_basic.php on line 101
[27-Jun-2025 19:59:54 UTC] PHP Warning:  Trying to access array offset on value of type bool in /usr/share/mcConsolette/code/lib/ldap_basic.php on line 102
[27-Jun-2025 19:59:54 UTC] PHP Warning:  ldap_get_values(): Cannot get the value(s) of attribute Decoding error in /usr/share/mcConsolette/code/lib/ldap_basic.php on line 101
[27-Jun-2025 19:59:54 UTC] PHP Warning:  Trying to access array offset on value of type bool in /usr/share/mcConsolette/code/lib/ldap_basic.php on line 102
[27-Jun-2025 19:59:57 UTC] PHP Warning:  ldap_get_values(): Cannot get the value(s) of attribute Decoding error in /usr/share/mcConsolette/code/lib/ldap_basic.php on line 101
[27-Jun-2025 19:59:57 UTC] PHP Warning:  Trying to access array offset on value of type bool in /usr/share/mcConsolette/code/lib/ldap_basic.php on line 102
[27-Jun-2025 19:59:57 UTC] PHP Warning:  ldap_get_values(): Cannot get the value(s) of attribute Decoding error in /usr/share/mcConsolette/code/lib/ldap_basic.php on line 101
[27-Jun-2025 19:59:57 UTC] PHP Warning:  Trying to access array offset on value of type bool in /usr/share/mcConsolette/code/lib/ldap_basic.php on line 102
[27-Jun-2025 20:00:16 UTC] PHP Warning:  ldap_get_values(): Cannot get the value(s) of attribute Decoding error in /usr/share/mcConsolette/code/lib/ldap_basic.php on line 101
[27-Jun-2025 20:00:16 UTC] PHP Warning:  Trying to access array offset on value of type bool in /usr/share/mcConsolette/code/lib/ldap_basic.php on line 102
[27-Jun-2025 20:00:16 UTC] PHP Warning:  ldap_get_values(): Cannot get the value(s) of attribute Decoding error in /usr/share/mcConsolette/code/lib/ldap_basic.php on line 101
[27-Jun-2025 20:00:16 UTC] PHP Warning:  Trying to access array offset on value of type bool in /usr/share/mcConsolette/code/lib/ldap_basic.php on line 102
[27-Jun-2025 20:00:22 UTC] PHP Warning:  ldap_get_values(): Cannot get the value(s) of attribute Decoding error in /usr/share/mcConsolette/code/lib/ldap_basic.php on line 101
[27-Jun-2025 20:00:22 UTC] PHP Warning:  Trying to access array offset on value of type bool in /usr/share/mcConsolette/code/lib/ldap_basic.php on line 102
[27-Jun-2025 20:00:22 UTC] PHP Warning:  ldap_get_values(): Cannot get the value(s) of attribute Decoding error in /usr/share/mcConsolette/code/lib/ldap_basic.php on line 101
[27-Jun-2025 20:00:22 UTC] PHP Warning:  Trying to access array offset on value of type bool in /usr/share/mcConsolette/code/lib/ldap_basic.php on line 102
[27-Jun-2025 20:00:25 UTC] PHP Warning:  ldap_get_values(): Cannot get the value(s) of attribute Decoding error in /usr/share/mcConsolette/code/lib/ldap_basic.php on line 101
[27-Jun-2025 20:00:25 UTC] PHP Warning:  Trying to access array offset on value of type bool in /usr/share/mcConsolette/code/lib/ldap_basic.php on line 102
[27-Jun-2025 20:00:25 UTC] PHP Warning:  ldap_get_values(): Cannot get the value(s) of attribute Decoding error in /usr/share/mcConsolette/code/lib/ldap_basic.php on line 101
[27-Jun-2025 20:00:25 UTC] PHP Warning:  Trying to access array offset on value of type bool in /usr/share/mcConsolette/code/lib/ldap_basic.php on line 102
[27-Jun-2025 20:00:38 UTC] PHP Warning:  ldap_get_values(): Cannot get the value(s) of attribute Decoding error in /usr/share/mcConsolette/code/lib/ldap_basic.php on line 101
[27-Jun-2025 20:00:38 UTC] PHP Warning:  Trying to access array offset on value of type bool in /usr/share/mcConsolette/code/lib/ldap_basic.php on line 102
[27-Jun-2025 20:00:38 UTC] PHP Warning:  ldap_get_values(): Cannot get the value(s) of attribute Decoding error in /usr/share/mcConsolette/code/lib/ldap_basic.php on line 101
[27-Jun-2025 20:00:38 UTC] PHP Warning:  Trying to access array offset on value of type bool in /usr/share/mcConsolette/code/lib/ldap_basic.php on line 102
[27-Jun-2025 20:00:40 UTC] PHP Warning:  ldap_get_values(): Cannot get the value(s) of attribute Decoding error in /usr/share/mcConsolette/code/lib/ldap_basic.php on line 101
[27-Jun-2025 20:00:40 UTC] PHP Warning:  Trying to access array offset on value of type bool in /usr/share/mcConsolette/code/lib/ldap_basic.php on line 102
[27-Jun-2025 20:00:40 UTC] PHP Warning:  ldap_get_values(): Cannot get the value(s) of attribute Decoding error in /usr/share/mcConsolette/code/lib/ldap_basic.php on line 101
[27-Jun-2025 20:00:40 UTC] PHP Warning:  Trying to access array offset on value of type bool in /usr/share/mcConsolette/code/lib/ldap_basic.php on line 102
[27-Jun-2025 20:00:42 UTC] PHP Warning:  Undefined array key "mail" in /usr/share/mcConsolette/code/modules/users/user.php on line 9
[27-Jun-2025 20:00:42 UTC] PHP Warning:  foreach() argument must be of type array|object, null given in /usr/share/mcConsolette/code/modules/users/user.php on line 9
[27-Jun-2025 20:00:42 UTC] PHP Warning:  ldap_get_values(): Cannot get the value(s) of attribute Decoding error in /usr/share/mcConsolette/code/lib/ldap_basic.php on line 101
[27-Jun-2025 20:00:42 UTC] PHP Warning:  Trying to access array offset on value of type bool in /usr/share/mcConsolette/code/lib/ldap_basic.php on line 102
[27-Jun-2025 20:00:42 UTC] PHP Warning:  ldap_get_values(): Cannot get the value(s) of attribute Decoding error in /usr/share/mcConsolette/code/lib/ldap_basic.php on line 101
[27-Jun-2025 20:00:42 UTC] PHP Warning:  Trying to access array offset on value of type bool in /usr/share/mcConsolette/code/lib/ldap_basic.php on line 102
[27-Jun-2025 20:00:44 UTC] PHP Warning:  Undefined array key "mail" in /usr/share/mcConsolette/code/modules/users/user.php on line 9
[27-Jun-2025 20:00:44 UTC] PHP Warning:  foreach() argument must be of type array|object, null given in /usr/share/mcConsolette/code/modules/users/user.php on line 9
[27-Jun-2025 20:00:44 UTC] PHP Warning:  ldap_get_values(): Cannot get the value(s) of attribute Decoding error in /usr/share/mcConsolette/code/lib/ldap_basic.php on line 101
[27-Jun-2025 20:00:44 UTC] PHP Warning:  Trying to access array offset on value of type bool in /usr/share/mcConsolette/code/lib/ldap_basic.php on line 102
[27-Jun-2025 20:00:44 UTC] PHP Warning:  ldap_get_values(): Cannot get the value(s) of attribute Decoding error in /usr/share/mcConsolette/code/lib/ldap_basic.php on line 101
[27-Jun-2025 20:00:44 UTC] PHP Warning:  Trying to access array offset on value of type bool in /usr/share/mcConsolette/code/lib/ldap_basic.php on line 102
[27-Jun-2025 20:00:48 UTC] PHP Warning:  ldap_get_values(): Cannot get the value(s) of attribute Decoding error in /usr/share/mcConsolette/code/lib/ldap_basic.php on line 101
[27-Jun-2025 20:00:48 UTC] PHP Warning:  Trying to access array offset on value of type bool in /usr/share/mcConsolette/code/lib/ldap_basic.php on line 102
[27-Jun-2025 20:00:48 UTC] PHP Warning:  ldap_get_values(): Cannot get the value(s) of attribute Decoding error in /usr/share/mcConsolette/code/lib/ldap_basic.php on line 101
[27-Jun-2025 20:00:48 UTC] PHP Warning:  Trying to access array offset on value of type bool in /usr/share/mcConsolette/code/lib/ldap_basic.php on line 102
[27-Jun-2025 20:01:33 UTC] PHP Warning:  ldap_get_values(): Cannot get the value(s) of attribute Decoding error in /usr/share/mcConsolette/code/lib/ldap_basic.php on line 101
[27-Jun-2025 20:01:33 UTC] PHP Warning:  Trying to access array offset on value of type bool in /usr/share/mcConsolette/code/lib/ldap_basic.php on line 102
[27-Jun-2025 20:01:33 UTC] PHP Warning:  ldap_get_values(): Cannot get the value(s) of attribute Decoding error in /usr/share/mcConsolette/code/lib/ldap_basic.php on line 101
[27-Jun-2025 20:01:33 UTC] PHP Warning:  Trying to access array offset on value of type bool in /usr/share/mcConsolette/code/lib/ldap_basic.php on line 102
[27-Jun-2025 20:01:37 UTC] PHP Warning:  Undefined array key "mail" in /usr/share/mcConsolette/code/modules/users/user.php on line 9
[27-Jun-2025 20:01:37 UTC] PHP Warning:  foreach() argument must be of type array|object, null given in /usr/share/mcConsolette/code/modules/users/user.php on line 9
[27-Jun-2025 20:01:38 UTC] PHP Warning:  ldap_get_values(): Cannot get the value(s) of attribute Decoding error in /usr/share/mcConsolette/code/lib/ldap_basic.php on line 101
[27-Jun-2025 20:01:38 UTC] PHP Warning:  Trying to access array offset on value of type bool in /usr/share/mcConsolette/code/lib/ldap_basic.php on line 102
[27-Jun-2025 20:01:38 UTC] PHP Warning:  ldap_get_values(): Cannot get the value(s) of attribute Decoding error in /usr/share/mcConsolette/code/lib/ldap_basic.php on line 101
[27-Jun-2025 20:01:38 UTC] PHP Warning:  Trying to access array offset on value of type bool in /usr/share/mcConsolette/code/lib/ldap_basic.php on line 102
[27-Jun-2025 20:01:41 UTC] PHP Warning:  Undefined array key "mail" in /usr/share/mcConsolette/code/modules/users/user.php on line 9
[27-Jun-2025 20:01:41 UTC] PHP Warning:  foreach() argument must be of type array|object, null given in /usr/share/mcConsolette/code/modules/users/user.php on line 9
[27-Jun-2025 20:01:41 UTC] PHP Warning:  ldap_modify(): Modify: Object class violation in /usr/share/mcConsolette/code/functions.php on line 142
[27-Jun-2025 20:01:42 UTC] PHP Warning:  ldap_get_values(): Cannot get the value(s) of attribute Decoding error in /usr/share/mcConsolette/code/lib/ldap_basic.php on line 101
[27-Jun-2025 20:01:42 UTC] PHP Warning:  Trying to access array offset on value of type bool in /usr/share/mcConsolette/code/lib/ldap_basic.php on line 102
[27-Jun-2025 20:01:42 UTC] PHP Warning:  ldap_get_values(): Cannot get the value(s) of attribute Decoding error in /usr/share/mcConsolette/code/lib/ldap_basic.php on line 101
[27-Jun-2025 20:01:42 UTC] PHP Warning:  Trying to access array offset on value of type bool in /usr/share/mcConsolette/code/lib/ldap_basic.php on line 102
[27-Jun-2025 20:01:47 UTC] PHP Warning:  Undefined array key "mail" in /usr/share/mcConsolette/code/modules/users/user.php on line 9
[27-Jun-2025 20:01:47 UTC] PHP Warning:  foreach() argument must be of type array|object, null given in /usr/share/mcConsolette/code/modules/users/user.php on line 9
[27-Jun-2025 20:01:47 UTC] PHP Warning:  ldap_modify(): Modify: Object class violation in /usr/share/mcConsolette/code/functions.php on line 142
[27-Jun-2025 20:01:48 UTC] PHP Warning:  ldap_get_values(): Cannot get the value(s) of attribute Decoding error in /usr/share/mcConsolette/code/lib/ldap_basic.php on line 101
[27-Jun-2025 20:01:48 UTC] PHP Warning:  Trying to access array offset on value of type bool in /usr/share/mcConsolette/code/lib/ldap_basic.php on line 102
[27-Jun-2025 20:01:48 UTC] PHP Warning:  ldap_get_values(): Cannot get the value(s) of attribute Decoding error in /usr/share/mcConsolette/code/lib/ldap_basic.php on line 101
[27-Jun-2025 20:01:48 UTC] PHP Warning:  Trying to access array offset on value of type bool in /usr/share/mcConsolette/code/lib/ldap_basic.php on line 102
[27-Jun-2025 20:01:50 UTC] PHP Warning:  Undefined array key "mail" in /usr/share/mcConsolette/code/modules/users/user.php on line 9
[27-Jun-2025 20:01:50 UTC] PHP Warning:  foreach() argument must be of type array|object, null given in /usr/share/mcConsolette/code/modules/users/user.php on line 9
[27-Jun-2025 20:01:52 UTC] PHP Warning:  ldap_get_values(): Cannot get the value(s) of attribute Decoding error in /usr/share/mcConsolette/code/lib/ldap_basic.php on line 101
[27-Jun-2025 20:01:52 UTC] PHP Warning:  Trying to access array offset on value of type bool in /usr/share/mcConsolette/code/lib/ldap_basic.php on line 102
[27-Jun-2025 20:01:52 UTC] PHP Warning:  ldap_get_values(): Cannot get the value(s) of attribute Decoding error in /usr/share/mcConsolette/code/lib/ldap_basic.php on line 101
[27-Jun-2025 20:01:52 UTC] PHP Warning:  Trying to access array offset on value of type bool in /usr/share/mcConsolette/code/lib/ldap_basic.php on line 102
[27-Jun-2025 20:01:55 UTC] PHP Warning:  Undefined array key "mail" in /usr/share/mcConsolette/code/modules/users/user.php on line 9
[27-Jun-2025 20:01:55 UTC] PHP Warning:  foreach() argument must be of type array|object, null given in /usr/share/mcConsolette/code/modules/users/user.php on line 9
[27-Jun-2025 20:01:57 UTC] PHP Warning:  ldap_get_values(): Cannot get the value(s) of attribute Decoding error in /usr/share/mcConsolette/code/lib/ldap_basic.php on line 101
[27-Jun-2025 20:01:57 UTC] PHP Warning:  Trying to access array offset on value of type bool in /usr/share/mcConsolette/code/lib/ldap_basic.php on line 102
[27-Jun-2025 20:01:57 UTC] PHP Warning:  ldap_get_values(): Cannot get the value(s) of attribute Decoding error in /usr/share/mcConsolette/code/lib/ldap_basic.php on line 101
[27-Jun-2025 20:01:57 UTC] PHP Warning:  Trying to access array offset on value of type bool in /usr/share/mcConsolette/code/lib/ldap_basic.php on line 102
[27-Jun-2025 20:02:08 UTC] PHP Warning:  ldap_get_values(): Cannot get the value(s) of attribute Decoding error in /usr/share/mcConsolette/code/lib/ldap_basic.php on line 101
[27-Jun-2025 20:02:08 UTC] PHP Warning:  Trying to access array offset on value of type bool in /usr/share/mcConsolette/code/lib/ldap_basic.php on line 102
[27-Jun-2025 20:02:08 UTC] PHP Warning:  ldap_get_values(): Cannot get the value(s) of attribute Decoding error in /usr/share/mcConsolette/code/lib/ldap_basic.php on line 101
[27-Jun-2025 20:02:08 UTC] PHP Warning:  Trying to access array offset on value of type bool in /usr/share/mcConsolette/code/lib/ldap_basic.php on line 102
[27-Jun-2025 20:02:13 UTC] PHP Warning:  ldap_get_values(): Cannot get the value(s) of attribute Decoding error in /usr/share/mcConsolette/code/lib/ldap_basic.php on line 101
[27-Jun-2025 20:02:13 UTC] PHP Warning:  Trying to access array offset on value of type bool in /usr/share/mcConsolette/code/lib/ldap_basic.php on line 102
[27-Jun-2025 20:02:13 UTC] PHP Warning:  ldap_get_values(): Cannot get the value(s) of attribute Decoding error in /usr/share/mcConsolette/code/lib/ldap_basic.php on line 101
[27-Jun-2025 20:02:13 UTC] PHP Warning:  Trying to access array offset on value of type bool in /usr/share/mcConsolette/code/lib/ldap_basic.php on line 102
[27-Jun-2025 20:02:16 UTC] PHP Warning:  ldap_get_values(): Cannot get the value(s) of attribute Decoding error in /usr/share/mcConsolette/code/lib/ldap_basic.php on line 101
[27-Jun-2025 20:02:16 UTC] PHP Warning:  Trying to access array offset on value of type bool in /usr/share/mcConsolette/code/lib/ldap_basic.php on line 102
[27-Jun-2025 20:02:16 UTC] PHP Warning:  ldap_get_values(): Cannot get the value(s) of attribute Decoding error in /usr/share/mcConsolette/code/lib/ldap_basic.php on line 101
[27-Jun-2025 20:02:16 UTC] PHP Warning:  Trying to access array offset on value of type bool in /usr/share/mcConsolette/code/lib/ldap_basic.php on line 102
[27-Jun-2025 20:02:18 UTC] PHP Warning:  ldap_get_values(): Cannot get the value(s) of attribute Decoding error in /usr/share/mcConsolette/code/lib/ldap_basic.php on line 101
[27-Jun-2025 20:02:18 UTC] PHP Warning:  Trying to access array offset on value of type bool in /usr/share/mcConsolette/code/lib/ldap_basic.php on line 102
[27-Jun-2025 20:02:18 UTC] PHP Warning:  ldap_get_values(): Cannot get the value(s) of attribute Decoding error in /usr/share/mcConsolette/code/lib/ldap_basic.php on line 101
[27-Jun-2025 20:02:18 UTC] PHP Warning:  Trying to access array offset on value of type bool in /usr/share/mcConsolette/code/lib/ldap_basic.php on line 102
[27-Jun-2025 20:02:30 UTC] PHP Warning:  ldap_get_values(): Cannot get the value(s) of attribute Decoding error in /usr/share/mcConsolette/code/lib/ldap_basic.php on line 101
[27-Jun-2025 20:02:30 UTC] PHP Warning:  Trying to access array offset on value of type bool in /usr/share/mcConsolette/code/lib/ldap_basic.php on line 102
[27-Jun-2025 20:02:30 UTC] PHP Warning:  ldap_get_values(): Cannot get the value(s) of attribute Decoding error in /usr/share/mcConsolette/code/lib/ldap_basic.php on line 101
[27-Jun-2025 20:02:30 UTC] PHP Warning:  Trying to access array offset on value of type bool in /usr/share/mcConsolette/code/lib/ldap_basic.php on line 102
[27-Jun-2025 20:02:33 UTC] PHP Warning:  Undefined array key "mail" in /usr/share/mcConsolette/code/modules/users/user.php on line 9
[27-Jun-2025 20:02:33 UTC] PHP Warning:  foreach() argument must be of type array|object, null given in /usr/share/mcConsolette/code/modules/users/user.php on line 9
[27-Jun-2025 20:02:34 UTC] PHP Warning:  ldap_get_values(): Cannot get the value(s) of attribute Decoding error in /usr/share/mcConsolette/code/lib/ldap_basic.php on line 101
[27-Jun-2025 20:02:34 UTC] PHP Warning:  Trying to access array offset on value of type bool in /usr/share/mcConsolette/code/lib/ldap_basic.php on line 102
[27-Jun-2025 20:02:34 UTC] PHP Warning:  ldap_get_values(): Cannot get the value(s) of attribute Decoding error in /usr/share/mcConsolette/code/lib/ldap_basic.php on line 101
[27-Jun-2025 20:02:34 UTC] PHP Warning:  Trying to access array offset on value of type bool in /usr/share/mcConsolette/code/lib/ldap_basic.php on line 102
[27-Jun-2025 20:02:36 UTC] PHP Warning:  Undefined array key "mail" in /usr/share/mcConsolette/code/modules/users/user.php on line 9
[27-Jun-2025 20:02:36 UTC] PHP Warning:  foreach() argument must be of type array|object, null given in /usr/share/mcConsolette/code/modules/users/user.php on line 9
[27-Jun-2025 20:02:37 UTC] PHP Warning:  ldap_get_values(): Cannot get the value(s) of attribute Decoding error in /usr/share/mcConsolette/code/lib/ldap_basic.php on line 101
[27-Jun-2025 20:02:37 UTC] PHP Warning:  Trying to access array offset on value of type bool in /usr/share/mcConsolette/code/lib/ldap_basic.php on line 102
[27-Jun-2025 20:02:37 UTC] PHP Warning:  ldap_get_values(): Cannot get the value(s) of attribute Decoding error in /usr/share/mcConsolette/code/lib/ldap_basic.php on line 101
[27-Jun-2025 20:02:37 UTC] PHP Warning:  Trying to access array offset on value of type bool in /usr/share/mcConsolette/code/lib/ldap_basic.php on line 102
[27-Jun-2025 20:02:45 UTC] PHP Warning:  Undefined array key "mail" in /usr/share/mcConsolette/code/modules/users/user.php on line 9
[27-Jun-2025 20:02:45 UTC] PHP Warning:  foreach() argument must be of type array|object, null given in /usr/share/mcConsolette/code/modules/users/user.php on line 9
[27-Jun-2025 20:02:46 UTC] PHP Warning:  ldap_get_values(): Cannot get the value(s) of attribute Decoding error in /usr/share/mcConsolette/code/lib/ldap_basic.php on line 101
[27-Jun-2025 20:02:46 UTC] PHP Warning:  Trying to access array offset on value of type bool in /usr/share/mcConsolette/code/lib/ldap_basic.php on line 102
[27-Jun-2025 20:02:50 UTC] PHP Warning:  Undefined array key "mail" in /usr/share/mcConsolette/code/modules/users/user.php on line 9
[27-Jun-2025 20:02:50 UTC] PHP Warning:  foreach() argument must be of type array|object, null given in /usr/share/mcConsolette/code/modules/users/user.php on line 9
[27-Jun-2025 20:02:51 UTC] PHP Warning:  ldap_get_values(): Cannot get the value(s) of attribute Decoding error in /usr/share/mcConsolette/code/lib/ldap_basic.php on line 101
[27-Jun-2025 20:02:51 UTC] PHP Warning:  Trying to access array offset on value of type bool in /usr/share/mcConsolette/code/lib/ldap_basic.php on line 102
[27-Jun-2025 20:02:53 UTC] PHP Warning:  Undefined array key "mail" in /usr/share/mcConsolette/code/modules/users/user.php on line 9
[27-Jun-2025 20:02:53 UTC] PHP Warning:  foreach() argument must be of type array|object, null given in /usr/share/mcConsolette/code/modules/users/user.php on line 9
[27-Jun-2025 20:02:54 UTC] PHP Warning:  ldap_get_values(): Cannot get the value(s) of attribute Decoding error in /usr/share/mcConsolette/code/lib/ldap_basic.php on line 101
[27-Jun-2025 20:02:54 UTC] PHP Warning:  Trying to access array offset on value of type bool in /usr/share/mcConsolette/code/lib/ldap_basic.php on line 102
[27-Jun-2025 20:03:14 UTC] PHP Warning:  ldap_get_values(): Cannot get the value(s) of attribute Decoding error in /usr/share/mcConsolette/code/lib/ldap_basic.php on line 101
[27-Jun-2025 20:03:14 UTC] PHP Warning:  Trying to access array offset on value of type bool in /usr/share/mcConsolette/code/lib/ldap_basic.php on line 102
[27-Jun-2025 20:03:16 UTC] PHP Warning:  ldap_get_values(): Cannot get the value(s) of attribute Decoding error in /usr/share/mcConsolette/code/lib/ldap_basic.php on line 101
[27-Jun-2025 20:03:16 UTC] PHP Warning:  Trying to access array offset on value of type bool in /usr/share/mcConsolette/code/lib/ldap_basic.php on line 102
[27-Jun-2025 20:04:04 UTC] PHP Warning:  ldap_get_values(): Cannot get the value(s) of attribute Decoding error in /usr/share/mcConsolette/code/lib/ldap_basic.php on line 101
[27-Jun-2025 20:04:04 UTC] PHP Warning:  Trying to access array offset on value of type bool in /usr/share/mcConsolette/code/lib/ldap_basic.php on line 102
[27-Jun-2025 20:04:06 UTC] PHP Warning:  ldap_get_values(): Cannot get the value(s) of attribute Decoding error in /usr/share/mcConsolette/code/lib/ldap_basic.php on line 101
[27-Jun-2025 20:04:06 UTC] PHP Warning:  Trying to access array offset on value of type bool in /usr/share/mcConsolette/code/lib/ldap_basic.php on line 102
[27-Jun-2025 20:04:09 UTC] PHP Warning:  ldap_get_values(): Cannot get the value(s) of attribute Decoding error in /usr/share/mcConsolette/code/lib/ldap_basic.php on line 101
[27-Jun-2025 20:04:09 UTC] PHP Warning:  Trying to access array offset on value of type bool in /usr/share/mcConsolette/code/lib/ldap_basic.php on line 102
[27-Jun-2025 20:04:27 UTC] PHP Warning:  ldap_get_values(): Cannot get the value(s) of attribute Decoding error in /usr/share/mcConsolette/code/lib/ldap_basic.php on line 101
[27-Jun-2025 20:04:27 UTC] PHP Warning:  Trying to access array offset on value of type bool in /usr/share/mcConsolette/code/lib/ldap_basic.php on line 102
[27-Jun-2025 20:04:29 UTC] PHP Warning:  Undefined array key "mail" in /usr/share/mcConsolette/code/modules/users/user.php on line 9
[27-Jun-2025 20:04:29 UTC] PHP Warning:  foreach() argument must be of type array|object, null given in /usr/share/mcConsolette/code/modules/users/user.php on line 9
[27-Jun-2025 20:04:32 UTC] PHP Warning:  Undefined array key "mail" in /usr/share/mcConsolette/code/modules/users/user.php on line 9
[27-Jun-2025 20:04:32 UTC] PHP Warning:  foreach() argument must be of type array|object, null given in /usr/share/mcConsolette/code/modules/users/user.php on line 9
[27-Jun-2025 20:05:13 UTC] PHP Warning:  ldap_get_values(): Cannot get the value(s) of attribute Decoding error in /usr/share/mcConsolette/code/lib/ldap_basic.php on line 101
[27-Jun-2025 20:05:13 UTC] PHP Warning:  Trying to access array offset on value of type bool in /usr/share/mcConsolette/code/lib/ldap_basic.php on line 102
[27-Jun-2025 20:05:15 UTC] PHP Warning:  Undefined array key "mail" in /usr/share/mcConsolette/code/modules/users/user.php on line 9
[27-Jun-2025 20:05:15 UTC] PHP Warning:  foreach() argument must be of type array|object, null given in /usr/share/mcConsolette/code/modules/users/user.php on line 9
[27-Jun-2025 20:05:16 UTC] PHP Warning:  ldap_get_values(): Cannot get the value(s) of attribute Decoding error in /usr/share/mcConsolette/code/lib/ldap_basic.php on line 101
[27-Jun-2025 20:05:16 UTC] PHP Warning:  Trying to access array offset on value of type bool in /usr/share/mcConsolette/code/lib/ldap_basic.php on line 102
[27-Jun-2025 20:05:19 UTC] PHP Warning:  Undefined array key "mail" in /usr/share/mcConsolette/code/modules/users/user.php on line 9
[27-Jun-2025 20:05:19 UTC] PHP Warning:  foreach() argument must be of type array|object, null given in /usr/share/mcConsolette/code/modules/users/user.php on line 9
[27-Jun-2025 20:05:19 UTC] PHP Warning:  ldap_modify(): Modify: Object class violation in /usr/share/mcConsolette/code/functions.php on line 142
[27-Jun-2025 20:05:20 UTC] PHP Warning:  ldap_get_values(): Cannot get the value(s) of attribute Decoding error in /usr/share/mcConsolette/code/lib/ldap_basic.php on line 101
[27-Jun-2025 20:05:20 UTC] PHP Warning:  Trying to access array offset on value of type bool in /usr/share/mcConsolette/code/lib/ldap_basic.php on line 102
[27-Jun-2025 20:05:22 UTC] PHP Warning:  Undefined array key "mail" in /usr/share/mcConsolette/code/modules/users/user.php on line 9
[27-Jun-2025 20:05:22 UTC] PHP Warning:  foreach() argument must be of type array|object, null given in /usr/share/mcConsolette/code/modules/users/user.php on line 9
[27-Jun-2025 20:05:22 UTC] PHP Warning:  ldap_modify(): Modify: Object class violation in /usr/share/mcConsolette/code/functions.php on line 142
[27-Jun-2025 20:05:23 UTC] PHP Warning:  ldap_get_values(): Cannot get the value(s) of attribute Decoding error in /usr/share/mcConsolette/code/lib/ldap_basic.php on line 101
[27-Jun-2025 20:05:23 UTC] PHP Warning:  Trying to access array offset on value of type bool in /usr/share/mcConsolette/code/lib/ldap_basic.php on line 102
[27-Jun-2025 20:05:25 UTC] PHP Warning:  Undefined array key "mail" in /usr/share/mcConsolette/code/modules/users/user.php on line 9
[27-Jun-2025 20:05:25 UTC] PHP Warning:  foreach() argument must be of type array|object, null given in /usr/share/mcConsolette/code/modules/users/user.php on line 9
[27-Jun-2025 20:05:26 UTC] PHP Warning:  ldap_get_values(): Cannot get the value(s) of attribute Decoding error in /usr/share/mcConsolette/code/lib/ldap_basic.php on line 101
[27-Jun-2025 20:05:26 UTC] PHP Warning:  Trying to access array offset on value of type bool in /usr/share/mcConsolette/code/lib/ldap_basic.php on line 102
[27-Jun-2025 20:05:29 UTC] PHP Warning:  Undefined array key "mail" in /usr/share/mcConsolette/code/modules/users/user.php on line 9
[27-Jun-2025 20:05:29 UTC] PHP Warning:  foreach() argument must be of type array|object, null given in /usr/share/mcConsolette/code/modules/users/user.php on line 9
[27-Jun-2025 20:05:30 UTC] PHP Warning:  ldap_get_values(): Cannot get the value(s) of attribute Decoding error in /usr/share/mcConsolette/code/lib/ldap_basic.php on line 101
[27-Jun-2025 20:05:30 UTC] PHP Warning:  Trying to access array offset on value of type bool in /usr/share/mcConsolette/code/lib/ldap_basic.php on line 102
[27-Jun-2025 20:05:32 UTC] PHP Warning:  Undefined array key "mail" in /usr/share/mcConsolette/code/modules/users/user.php on line 9
[27-Jun-2025 20:05:32 UTC] PHP Warning:  foreach() argument must be of type array|object, null given in /usr/share/mcConsolette/code/modules/users/user.php on line 9
[27-Jun-2025 20:05:33 UTC] PHP Warning:  ldap_get_values(): Cannot get the value(s) of attribute Decoding error in /usr/share/mcConsolette/code/lib/ldap_basic.php on line 101
[27-Jun-2025 20:05:33 UTC] PHP Warning:  Trying to access array offset on value of type bool in /usr/share/mcConsolette/code/lib/ldap_basic.php on line 102
[27-Jun-2025 20:05:35 UTC] PHP Warning:  Undefined array key "mail" in /usr/share/mcConsolette/code/modules/users/user.php on line 9
[27-Jun-2025 20:05:35 UTC] PHP Warning:  foreach() argument must be of type array|object, null given in /usr/share/mcConsolette/code/modules/users/user.php on line 9
[27-Jun-2025 20:05:36 UTC] PHP Warning:  ldap_get_values(): Cannot get the value(s) of attribute Decoding error in /usr/share/mcConsolette/code/lib/ldap_basic.php on line 101
[27-Jun-2025 20:05:36 UTC] PHP Warning:  Trying to access array offset on value of type bool in /usr/share/mcConsolette/code/lib/ldap_basic.php on line 102
[27-Jun-2025 20:06:02 UTC] PHP Warning:  ldap_get_values(): Cannot get the value(s) of attribute Decoding error in /usr/share/mcConsolette/code/lib/ldap_basic.php on line 101
[27-Jun-2025 20:06:02 UTC] PHP Warning:  Trying to access array offset on value of type bool in /usr/share/mcConsolette/code/lib/ldap_basic.php on line 102
[27-Jun-2025 20:06:09 UTC] PHP Warning:  Undefined array key "mail" in /usr/share/mcConsolette/code/modules/users/user.php on line 9
[27-Jun-2025 20:06:09 UTC] PHP Warning:  foreach() argument must be of type array|object, null given in /usr/share/mcConsolette/code/modules/users/user.php on line 9
[27-Jun-2025 20:06:10 UTC] PHP Warning:  ldap_get_values(): Cannot get the value(s) of attribute Decoding error in /usr/share/mcConsolette/code/lib/ldap_basic.php on line 101
[27-Jun-2025 20:06:10 UTC] PHP Warning:  Trying to access array offset on value of type bool in /usr/share/mcConsolette/code/lib/ldap_basic.php on line 102
[27-Jun-2025 20:06:21 UTC] PHP Warning:  Undefined variable $result in /usr/share/mcConsolette/code/modules/users/user.php on line 104
[27-Jun-2025 20:06:25 UTC] PHP Warning:  ldap_get_values(): Cannot get the value(s) of attribute Decoding error in /usr/share/mcConsolette/code/lib/ldap_basic.php on line 101
[27-Jun-2025 20:06:25 UTC] PHP Warning:  Trying to access array offset on value of type bool in /usr/share/mcConsolette/code/lib/ldap_basic.php on line 102
